BCID,Sequence,Source,Color
1,GAATTAAGTTGGAACAGTGTTGACAGGTGCAC,DPY256,black
2,TTTTTAAAATGAAACAAGCTTGTATG,Venkataram2016_neutrals_handpicked-A1,darkgray
3,ATCTTAAGATAAAAGGCATTTTATTC,Venkataram2016_neutrals_handpicked-A2,darkgray
4,ACAGCAACCGTGAATGTACTTCGCAC,Venkataram2016_neutrals_handpicked-A3,darkgray
5,AGTATAAGCGCTAAATAATTTTCTCC,Venkataram2016_neutrals_handpicked-A4,darkgray
6,AGCATAATCTTTAACACGCTTGTCAG,Venkataram2016_neutrals_handpicked-A5,darkgray
7,CCGTTAAAAAGAAATGATTTTTATAG,Venkataram2016_neutrals_handpicked-A6,darkgray
8,CCAGTAATTGGAAAACTCCTTGGGAA,Venkataram2016_neutrals_handpicked-A7,darkgray
9,ATAGCAACCCAGAAGATCCTTATCTG,Venkataram2016_neutrals_handpicked-A8,darkgray
10,CTGAAAAGAGATAAATATTTTACATC,Venkataram2016_neutrals_handpicked-A9,darkgray
11,GGAACAAATCAAAATTAATTAACAAA,Venkataram2016_neutrals_handpicked-A10,darkgray
12,TAGGAAATTCCAAAGAAATTTGGTAA,Venkataram2016_neutrals_handpicked-A11,darkgray
13,GTTAAAAATGAGAAGTCTATTCGCTT,Venkataram2016_neutrals_handpicked-A12,darkgray
14,TGGAAAAACGCCAAGGGCGTTTTATC,Venkataram2016_neutrals_handpicked-B1,darkgray
15,CTATTAACCGACAATCATCTTAATTT,Venkataram2016_neutrals_handpicked-B2,darkgray
16,CATCTAATTGATAACTTCTTTCCCGC,Venkataram2016_neutrals_handpicked-B3,darkgray
17,ATGGAAACAAAAAATAGTATTCGCAC,Venkataram2016_neutrals_handpicked-B4,darkgray
18,TAAGAAAATCAGAACCGCTTTCAGGG,Venkataram2016_neutrals_handpicked-B5,darkgray
19,GCTTTAATGAAAAATTATTTTGGCTG,Venkataram2016_neutrals_handpicked-B6,darkgray
20,CTCCTAACCAGTAATAACTTTCTCAA,Venkataram2016_neutrals_handpicked-B7,darkgray
21,GTCCAAAACAACAAATGCACTTGCAA,Venkataram2016_neutrals_handpicked-B8,darkgray
22,TTTTTAATTTGCAAGGACCTTAGTCT,Venkataram2016_neutrals_handpicked-B9,darkgray
23,TGCATAACCTGCAAACAGATTGCCGT,Venkataram2016_neutrals_handpicked-B10,darkgray
24,GCATCAATGATCAACGCGGTTACCTG,Venkataram2016_neutrals_handpicked-B11,darkgray
25,AGGCTAATACCCAATTCGATTGTCAT,Venkataram2016_neutrals_handpicked-B12,darkgray
26,TTTTCAAATAGTAATTGATTTCCAGT,Venkataram2016_neutrals_handpicked-C1,darkgray
27,AAGCTAATTGAGAATTATTTTGCATT,Venkataram2016_neutrals_handpicked-C2,darkgray
28,TTGCGAATACGTAATTTTGTTGCGGG,Venkataram2016_neutrals_handpicked-C3,darkgray
29,CAGTAAACGATCAAATACTTTCAATA,Venkataram2016_neutrals_handpicked-C4,darkgray
30,TAACAAATGTCTAATGGAATTTTGCA,Venkataram2016_neutrals_handpicked-C5,darkgray
31,GTTGTAATCTCGAAGAGATTTCTAGC,Venkataram2016_neutrals_handpicked-C6,darkgray
32,AGAATAAATGAAAAATCATTTAATAT,Venkataram2016_neutrals_handpicked-C7,darkgray
33,TCAAAAAATTAAAACCAATTTATCTC,Venkataram2016_neutrals_handpicked-C8,darkgray
34,ATACTAAAAAGTAAAGTGGTTATTCT,Venkataram2016_neutrals_handpicked-C9,darkgray
35,TACGAAAGCTCTAATGCATTTACAAG,Venkataram2016_neutrals_handpicked-C10,darkgray
36,CTCGTAAGCTGTAAGCCTTTTGATTG,Venkataram2016_neutrals_handpicked-C11,darkgray
37,CACGTAACGCAGAAGTGCTTTGAAAG,Venkataram2016_neutrals_handpicked-C12,darkgray
38,CTACGAACTACGAAATGCCTTGTTTC,Venkataram2016_neutrals_handpicked-D1,darkgray
39,GACTAAAACTGTAACATTTTTAATGG,Venkataram2016_neutrals_handpicked-D2,darkgray
40,GAGGAAAATTATAACGAATTTTGTCG,Venkataram2016_neutrals_handpicked-D3,darkgray
41,CGATTAACTAATAATTCTTTTTAAAG,Venkataram2016_neutrals_handpicked-D4,darkgray
42,TTTCCAAATGTAAAGCGTATTCATAC,Venkataram2016_neutrals_handpicked-D5,darkgray
43,GGTAGAATATGGAATGTTTTTACGAA,Venkataram2016_neutrals_handpicked-D6,darkgray
44,GTGTGAATCAATAAGCATATTGTTTA,Venkataram2016_neutrals_handpicked-D7,darkgray
45,TCCCCAACCATTAATTATGTTTACAC,Venkataram2016_neutrals_handpicked-D8,darkgray
46,ACCCCAAATACCAAAGGAGTTGCGTG,Venkataram2016_neutrals_handpicked-D9,darkgray
47,TCGACAAATTGCAAGAAGGTTTCATC,Venkataram2016_neutrals_handpicked-D10,darkgray
48,TCGATAATGACCAATACCATTTTGTC,Venkataram2016_neutrals_handpicked-D11,darkgray
49,CGGAAAACATTGAACTTTATTAATGG,Venkataram2016_neutrals_handpicked-D12,darkgray
50,AGGGAAAACAGGAAACCCGTTTCCCT,Venkataram2016_neutrals_handpicked-E1,darkgray
51,TTTTCAACCGGTAATTAAATTCTCGT,Venkataram2016_neutrals_handpicked-E2,darkgray
52,ATTCAAATCGAAAATGATGTTCTTCA,Venkataram2016_neutrals_handpicked-E3,darkgray
53,AATAGAACCCCAAATATTTTTTCTCG,Venkataram2016_neutrals_handpicked-E4,darkgray
54,TGCTTAAGCGCGAAATGCTTTACACC,Venkataram2016_neutrals_handpicked-E5,darkgray
55,CGGCCAATTTGGAAGTCGCTTATATA,Venkataram2016_neutrals_handpicked-E6,darkgray
56,TTCATAAACTCTAACAACCTTTTTAG,Venkataram2016_neutrals_handpicked-E7,darkgray
57,ACGAGAATAGCAAACGCAGTTGAGCG,Venkataram2016_neutrals_handpicked-E8,darkgray
58,GCATCAAGAATAAAGCGGGTTCCGCT,Venkataram2016_neutrals_handpicked-E9,darkgray
59,CAAATAATCAAGAACGGCCTTATGTT,Venkataram2016_neutrals_handpicked-E10,darkgray
60,AAAGAAAAGCTTAAAGATATTGATGA,Venkataram2016_neutrals_handpicked-E11,darkgray
61,CAATCAAGGGTCAATTAACTTTTCAA,Venkataram2016_neutrals_handpicked-E12,darkgray
62,TAGTAAAGCATTAAAAGTCTTAGATT,Circ_A1,#f569e2
63,TACATAAGGATTAACAGTTTTATATG,Circ_A1,#f569e2
64,AAGACAAGGAGTAACCTCATTACATG,Circ_A1,#f569e2
65,ATACCAATTCGCAACGCCTTTGTCGG,Circ_A1,#f569e2
66,TTTTCAATGCCTAAGGGCATTCAAAT,Circ_A1,#f569e2
67,ATGTGAATGTAGAAAACCATTCGAAT,Circ_A1,#f569e2
68,AATAGAAGCATAAAAGTGGTTTCTAG,Circ_A1,#f569e2
69,GCCGGAAGCGTGAAGGGGGTTTGGGG,Circ_A1,#f569e2
70,ATCAGAAAAGCAAAATTGTTTGAGCC,Circ_A1,#f569e2
71,CAGCAAACATGCAAGCTATTTCGTAC,Circ_A1,#f569e2
72,TACACAAGTTAGAAGGCTCTTTAAG,Circ_A1,#f569e2
73,AGGTCAACATTCAACATGGTTCCCGA,Circ_A1,#f569e2
74,GCCTTAAATATCAAGCTCTTTTTTAG,Circ_A1,#f569e2
75,CAATTAACGCAGAAGGGCTTTAACCA,Circ_A1,#f569e2
76,CCCATAAGATCAAATCGTATTTGTTG,Circ_A1,#f569e2
77,TGTTGAATAGTTAAACACGTTCCCAA,Circ_A1,#f569e2
78,GGATAAAACACGAACTACTTTAAACG,Circ_A1,#f569e2
79,GTACTAATGGACAAACGTATTGTGCC,Circ_A1,#f569e2
80,ATAGTAATGTATAATTGTGTTTAGTG,Circ_A1,#f569e2
81,GTGCTAAACTCGAACTTAATTGACGT,Circ_A1,#f569e2
82,CTTTTAACATTGAACTATTTTGTATA,Circ_A1,#f569e2
83,ACGCTAATTCGCAACTCTGTTTCGAA,Circ_A1,#f569e2
84,CAGAAAACGTCGAAGAGCGTTAGCCA,Circ_A1,#f569e2
85,TTAATAAGCCACAAAGCAATTTATCA,Circ_A1,#f569e2
86,TACCTAACCTTTAATCTGATTCAGTG,Circ_A1,#f569e2
87,TCCAAAAAGTATAAAGGTATTGGTCC,Circ_A1,#f569e2
88,TTGGCAAAGATTAAGGATATTAAGTC,Circ_A1,#f569e2
89,TTGATAACCAGCAAAATTTTTGTAAT,Circ_A1,#f569e2
90,TAATTAATAATCAAACCTGTTGGTAT,Circ_A1,#f569e2
91,GCTGGAACATTCAATTCTTTTCATCG,Circ_A1,#f569e2
92,ACATTAAACTTAAACATCATTCGCGA,Circ_A1,#f569e2
93,CTCTCAAGTACTAACTCTTTTGGGCA,Circ_A1,#f569e2
94,AAACAAACAAAGAACAAATTTTGGGG,Circ_A1,#f569e2
95,GAATCAAAAGTTAACATTCTTGGGGG,Circ_A1,#f569e2
96,AAATAAAGAATCAACCATTTTACGCA,Circ_A1,#f569e2
97,ACTAGAACTTATAACGAGTTTATATC,Circ_A1,#f569e2
98,AGATTAAATACGAATGGGTTTCGTTA,Circ_A1,#f569e2
99,AATCGAATTTGTAATCATATTACGTA,Circ_A1,#f569e2
100,CTATAAATCCGCAAATCCCTTCCTTC,Circ_A1,#f569e2
101,CTTATAACCCACAAGCATTTTTTTAA,Circ_A1,#f569e2
102,AATCTAATGTATAACTAATTCTCGC,Circ_A1,#f569e2
103,ACACAAAGCTCTAAGTCACTTACGAC,Circ_A1,#f569e2
104,TAAAAAAAACTAAAAACCGTTGATAG,Circ_A1,#f569e2
105,GAAATAAATGGGAAGGTTCTTGGGGA,Circ_A1,#f569e2
106,ACACAAATAACGAAAAATGTTTTCTA,Circ_A1,#f569e2
107,AGATAAAATTGTAAGGACGTTCTGGG,Circ_A1,#f569e2
108,ATCGTAAAGCGTAATACGCTTAGGTT,Circ_A1,#f569e2
109,GCAAAAAGACAGAACTTCATTTTAAC,Circ_A1,#f569e2
110,AGAACAATCGCTAAGAAGCTTATTAA,Circ_A1,#f569e2
111,ATGATAACAGCTAAGAGAATTAGAGC,Circ_A1,#f569e2
112,CTTCAAATACGGAACGGACTTACGGG,Circ_A1,#f569e2
113,TAGGGAAGGGCGAACGGTGTTGCGAT,Circ_A1,#f569e2
114,TTTTTAACTGAAAAGTTATTTGTTAG,Circ_A1,#f569e2
115,CAAACAAAGCTAAAGTTCCTTATTTC,Circ_A1,#f569e2
116,TAGCAAATATCAAAGATCATTTGAGT,Circ_A1,#f569e2
117,AGCAAAAGGTGGAATGTAGTTACGGT,Circ_A1,#f569e2
118,CTCTAAATCATAAACACTCTTGGCCT,Circ_A1,#f569e2
119,GAGGTAAAAGGAAATTCGCTTTAGCA,Circ_A1,#f569e2
120,AGCAGAATACCGAACATCCTTGCAGG,Circ_A1,#f569e2
121,GATAAAAGCCATAAGTACTTTTACTC,Circ_A1,#f569e2
122,GGGTTAAAAGTAAAGTTCGTTATGAC,Circ_A1,#f569e2
123,ATGTAAAATAAAAATCCGTTTGAATA,Circ_A1,#f569e2
124,CGCCTAAGCTTTAACTAGATTTGATA,Circ_A1,#f569e2
125,TCATGAATCCTTAAAGTGTTTTGATT,Circ_A1,#f569e2
126,GTATTAAGCATTAAGAATGTTTGAGA,Circ_A1,#f569e2
127,TTGTGAAAACTTAACGCGCTTAATAC,Circ_A1,#f569e2
128,ACCCAAATGGGAAACTTTCTTACAGC,Circ_A1,#f569e2
129,CCAGAGGAAAATAGGTTATTAC,Circ_A1,#f569e2
130,CGAAAAACCGGCAAGTACGTTAACTA,Circ_A1,#f569e2
131,GCGTAAAACTAGAAGATCTTTGGGAT,Circ_A1,#f569e2
132,AATTGAAAATTAAACTTAGTTAGATC,Circ_A1,#f569e2
133,GATAAAACAAACAAATTATTTGTTTG,Circ_A1,#f569e2
134,GTTATAACAAAAAATCTATTTAGGCT,Circ_A1,#f569e2
135,GTTATAAGAACTAATCATCTTTGGAC,Circ_A1,#f569e2
136,TGTACAATTTGCAACCATCTTAGTAG,Circ_A1,#f569e2
137,AGTAGAATAGTCAATATACTTCTTAT,Circ_A1,#f569e2
138,TCTCGAACGAGTAACGCGATTAATAT,Circ_A1,#f569e2
139,TAGCAAAACAGCAACAACATTGGCGA,Circ_A1,#f569e2
140,TACAAAAATCATAATGTATTCTTTA,Circ_A1,#f569e2
141,GCTAGAACATACAACGTTATTGTTGC,Circ_A1,#f569e2
142,CCCTTAAATTACAAAGCACTTAAAGT,Circ_A1,#f569e2
143,AGATAAAATGAAAATAATGTTTCATT,Circ_A1,#f569e2
144,GTTTAAACGGCGAATGTGATTCATGT,Circ_A1,#f569e2
145,TAAGCAAGCATGAAAGAGATTCAGAT,Circ_A1,#f569e2
146,ATCAAAAGAGATAACAAACTTCTTAT,Circ_A1,#f569e2
147,CTCTCAAATTAGAACTGTTTTATGTA,Circ_A1,#f569e2
148,GCTACAAGACGCAAAGATTTTTCATG,Circ_A1,#f569e2
149,ATGCGAAATGTTAAACATTTTCTGCG,Circ_A1,#f569e2
150,TAGGCAAACCGGAAATGGCTTGATAA,Circ_A1,#f569e2
151,GACGCAATACGCAACGGCATTTCTTA,Circ_A1,#f569e2
152,GGTAAAACTTGGAAAACTCTTTTCAA,Circ_A1,#f569e2
153,TAGAGAATCAGAAAATCTATTGAATT,Circ_A1,#f569e2
154,TTCAAAACGCAGAACCTGATTTTTAC,Circ_A1,#f569e2
155,GACAGAAAGCAAAACTGCCTTCTTCT,Circ_A1,#f569e2
156,ATTTGAATATATAAGTAGTTTTTAAT,Circ_A1,#f569e2
157,CGCCCAAAATGTAAGTGCGTTTGAGT,Circ_A1,#f569e2
158,AATTAAACCCGAAATGATCTTGGTCG,Circ_A1,#f569e2
159,ACACAAAATGATAACGTTTTTAGGGG,Circ_A1,#f569e2
160,TTTAGAACCTAGAATGCGCTTGGATT,Circ_A1,#f569e2
161,GGGGTAAAACGGAATTAAGTTGCCTG,Circ_A1,#f569e2
162,CGAAAAAGAGTTAAGGCGGTTGACCC,Circ_A2,#f569e2
163,CCTAAAAAAACCAATGTGCTTATAGC,Circ_A2,#f569e2
164,AATAAAAGACCAAAAGTCCTTGTCCG,Circ_A2,#f569e2
165,TTAGGAATTGTGAAATAACTTAATAG,Circ_A2,#f569e2
166,GGAGAAACAGTCAACCTGTTTAAGTC,Circ_A2,#f569e2
167,GTATTAAGCCATAATCGGATTCTTTG,Circ_A2,#f569e2
168,TACCTAAGCAATAAGCTACTTACCGA,Circ_A2,#f569e2
169,TTTGTAATTAGGAAGCGGTTTGACTC,Circ_A2,#f569e2
170,TTGACAATAAATAATGTCGTTTTCTC,Circ_A2,#f569e2
171,CTATTAAAGGCAAACTGTCTTACTTT,Circ_A2,#f569e2
172,GAGAAAATCATGAAATCGCTTGAATG,Circ_A2,#f569e2
173,TTTGAAAATGATAAATTCCTTTACTC,Circ_A2,#f569e2
174,TCCGCAACTGCTAAGGAGCTTGAAA,Circ_A2,#f569e2
175,CCTAGAAACTGGAACGGATTTTACAC,Circ_A2,#f569e2
176,ACGGAAAGAGAGAATGGGCTTGCAGT,Circ_A2,#f569e2
177,GATCAAACAAGTAATTAATTTGACCC,Circ_A2,#f569e2
178,TACGGAATGGACAATAGCTTTATAGT,Circ_A2,#f569e2
179,TGGAGAACTCACAATCAAGTTATTAA,Circ_A2,#f569e2
180,CAGCTAATTACCAAAGAGATTGCGGT,Circ_A2,#f569e2
181,AAAAGAATGAGAAATAGTATTCTTTG,Circ_A2,#f569e2
182,TACCAAACTAAGAATTCAATTAGCTC,Circ_A2,#f569e2
183,TAAACAAGAAGGAAGTATGTTCGCAC,Circ_A2,#f569e2
184,GCAAAAAATACTAATCTGTTTGTTTA,Circ_A2,#f569e2
185,GCAGTAACTTATAACTATTTTTCGGT,Circ_A2,#f569e2
186,CCAGCAAACTGGAATGTACTTACGAG,Circ_A2,#f569e2
187,CAGTAAAACACCAAGTTCGTTTTCGC,Circ_A2,#f569e2
188,GAGTTAACCGGTAAGGGGCTTCATAC,Circ_A2,#f569e2
189,CTCATAAGGTGGAACTCCTTTTGGCG,Circ_A2,#f569e2
190,TTCGCAACCGATAATAAGGTTTTGAA,Circ_A2,#f569e2
191,CAGCAAAAGGGGAAGGGCCTTCGGGG,Circ_A2,#f569e2
192,GGCAGAAGGGGGAAGGGCGTTGGTGC,Circ_A2,#f569e2
193,CAAGCAACTACTAATGAGGTTACAAG,Circ_A2,#f569e2
194,CTCCTAACGCCCAATGCTATTGGTCT,Circ_A2,#f569e2
195,ATAACAATGCACAACAATCTTATCTA,Circ_A2,#f569e2
196,GTGGAAATCACAAATCGATTTGTTTC,Circ_A2,#f569e2
197,TATATAAGTTATAACTGAATTCCCGA,Circ_A2,#f569e2
198,CGACAAATTTGGAACTGGATTAAATT,Circ_A2,#f569e2
199,CTAATAAACGAGAAACACTTTGCAAG,Circ_A2,#f569e2
200,AGCCCAACTCTGAAATAATTTAATGA,Circ_A2,#f569e2
201,TTAGCAACTGCAAAGAGTTTTCCTCA,Circ_A2,#f569e2
202,CCTATAAAGAAAAATAATGT,Circ_A2,#f569e2
203,AAATTAATCCGCAACGATTTTGTACT,Circ_A2,#f569e2
204,ATCATAAGAGTAAACCTGGTTGGACG,Circ_A2,#f569e2
205,GTTCCAATACCAAAGCTTCTTGGTGG,Circ_A2,#f569e2
206,AAGATAACAATTAAGTTTATTCTAGC,Circ_A2,#f569e2
207,AGTTCAACTCAAAAAAGGTTTTACGT,Circ_A2,#f569e2
208,ACAGAAAACCTTAAAGGTTTTTATTA,Circ_A2,#f569e2
209,CGGATAATCGTGAAAGCTCTTGCCGG,Circ_A2,#f569e2
210,CGTATAATGCCTAATGGTCTTTTGCA,Circ_A2,#f569e2
211,GCCAAAAGGGCGAATTAAGTTACATA,Circ_A2,#f569e2
212,ACCTGAAGTGGTAAAGTATTTATGAG,Circ_A2,#f569e2
213,CTCAAAATTAATAAAGTAGTTACGGT,Circ_A2,#f569e2
214,GCTACAACAACGAATGTCATTTTCCC,Circ_A2,#f569e2
215,TACGTAATTAACAAGGAGATTTGTAC,Circ_A2,#f569e2
216,TTACTAAATGAAAAAGTGATTCGGCT,Circ_A2,#f569e2
217,TTATGAACAGTAAATCAAATTCATGA,Circ_A2,#f569e2
218,TTGGGAATAAGTAATAACTTTGTTTT,Circ_A2,#f569e2
219,CTTTTAATACTAAATGAATTTGCCGT,Circ_A2,#f569e2
220,ACCACAACTATTAAGTTGTTTGACGG,Circ_A2,#f569e2
221,GCTCCAAACTTAAAATAAATTTACCA,Circ_A2,#f569e2
222,AACTAAAACGTAAAAAATATTGTCAG,Circ_A2,#f569e2
223,TTTATAAGGCTTAATTGCATTGGTAA,Circ_A2,#f569e2
224,TTTCGAACATGTAATTTGTTTAGCGA,Circ_A2,#f569e2
225,AACGCAAAATATAAGTGCGTTATCGA,Circ_A2,#f569e2
226,CCATCAATTAGAAACTTGATTATCAG,Circ_A2,#f569e2
227,CCGGTAAGCCGAAAGGGTGTTGGGAG,Circ_A2,#f569e2
228,CACTGAACCATTAATTCGCTTTGACA,Circ_A2,#f569e2
229,TCAATAAATAGTAAGACAATTCAAAA,Circ_A2,#f569e2
230,AGGATAAAAGGTAATTTTCTTATACG,Circ_A2,#f569e2
231,TCATGAACGGGGAACGGCATTGGCGG,Circ_A2,#f569e2
232,GCCTTAAACGCCAAAGACTTTTTGTT,Circ_A2,#f569e2
233,TGCAGAAAAGCGAAAACAATTATGCT,Circ_A2,#f569e2
234,AAATTAAAACGGAAGTTGCTTGCCGG,Circ_A2,#f569e2
235,ATTCTAATATTTAAACGGATTTGCTA,Circ_A2,#f569e2
236,TAGATAAAATACAATGCGTTTTGAAG,Circ_A2,#f569e2
237,TTGTTAATGTGTAAGGAGGTTGTTTG,Circ_A2,#f569e2
238,CGGGGAAAAACGAACACAGTTTGCTA,Circ_A2,#f569e2
239,TACTCAATATCCAAACGCGTTTGAAA,Circ_A2,#f569e2
240,TATATAAACAACAAGGGAGTTTAGTT,Circ_A2,#f569e2
241,CGTTTAAATCCGAATTTTTTTTCCGT,Circ_A2,#f569e2
242,CTTATAAGCCGGAATGTAATTAAGGA,Circ_A2,#f569e2
243,TGTACAAAGCTAAAGCGCATTCGAAC,Circ_A2,#f569e2
244,ATTTAAATGCGAAAGTGGATTAGAAA,Circ_A2,#f569e2
245,AACACAATAATAAAGATCGTTTTTAG,Circ_A2,#f569e2
246,TTAGTAATTATAAACGTTATTTACGC,Circ_A2,#f569e2
247,AACATAATCTGTAAGGTTTTTACATT,Circ_A2,#f569e2
248,CCTGCAAGGCTTAAACCTCTTCCTAA,Circ_A2,#f569e2
249,TTAATAATCTATAATCCAATTTGAAA,Circ_A2,#f569e2
250,TAAAGAAAATAGAAACCGCTTTAGCG,Circ_A2,#f569e2
251,TAGTCAAAGTTCAAGACGGTTGTCTT,Circ_A2,#f569e2
252,GCCGAAAGATGTAATCTGATTGCCTC,Circ_A2,#f569e2
253,TCCGTAAACCGGAAGTCAATTGCCCG,Circ_A2,#f569e2
254,TCTAAAAAGCGGAAATAAGTTTTGGC,Circ_A2,#f569e2
255,ACTCTAAATTGGAACTCGGTTAGCAT,Circ_A2,#f569e2
256,TAGTGAAGGAACAATCAATTTTATAA,Circ_A2,#f569e2
257,TTCTGAAAGGTCAACTGGTTTTGACA,Circ_A2,#f569e2
258,AATCAAATAACAAAACGGATTATAGT,Circ_A2,#f569e2
259,GTTTTAAACGGAAAATTCTTTATGTT,Circ_A2,#f569e2
260,TCTGAAAAAAGCAATAAATTTTGTAC,Circ_A2,#f569e2
261,CTTGGAAGATGTAAAAATCTT,Circ_A2,#f569e2
262,TTGTGAACCGGTAATAAGTTTCAATG,Circ_B1,#630757
263,TCACAAAATTGTAATGTCTTTGATAT,Circ_B1,#630757
264,GCATGAATTGGAAACACAGTTGCCAG,Circ_B1,#630757
265,CTATTAATCATAAAATGTTTTTTGCA,Circ_B1,#630757
266,GTATTAACTCGGAATCCCCTTTGCAT,Circ_B1,#630757
267,AAGCCAACATGTAACTAGGTTGGGGG,Circ_B1,#630757
268,TCTATAACAATCAACAGGCTTTACAC,Circ_B1,#630757
269,CACGTAATGAGCAATGCGCTTAAGCA,Circ_B1,#630757
270,TGATCAACTTATAAACGAGTTACGCG,Circ_B1,#630757
271,CAGGGAACGCGGAAGGAGGTTGAGGC,Circ_B1,#630757
272,TACGTAAGTTTCAACAGGTTTTCAAT,Circ_B1,#630757
273,ACAAGAACATGCAATAGTTTTCCGTA,Circ_B1,#630757
274,CGTGAAACTAACAACATTGTTCGCCG,Circ_B1,#630757
275,GGTTGAACAATGAAGTAAGTTGCTAT,Circ_B1,#630757
276,AACACAAGTATTAAATGCTTTCAAGA,Circ_B1,#630757
277,CGTTGAAAAACGAATCTTTTTGATTT,Circ_B1,#630757
278,TACCTAATCCCTAAACTGGTTTGTAC,Circ_B1,#630757
279,CTACCAAATAACAAGGGTATTCGATG,Circ_B1,#630757
280,GTTATAAGCACGAATATGTTTATGGT,Circ_B1,#630757
281,TTATAAATGCTTAATGTTATTGTAGG,Circ_B1,#630757
282,TTTCGAATGTTAAAAAATGTTGGGGG,Circ_B1,#630757
283,TCGTCAAACACCAAGCGACTTCCAGA,Circ_B1,#630757
284,AACTTAACGGTTAATCAGGTTCCATC,Circ_B1,#630757
285,CAGGCAATAGCTAAGTGAATTGCACG,Circ_B1,#630757
286,AAGGCAATTTTAAACCTGCTTCTATG,Circ_B1,#630757
287,ATCTGAATACCGAAGGTGTTTAATTC,Circ_B1,#630757
288,TAAACAAAAGTAAACGACATTGACGG,Circ_B1,#630757
289,GCACGAAACTAAAATTTGGTTTATTA,Circ_B1,#630757
290,TAGGAAAGAATTAATAACATTAACCG,Circ_B1,#630757
291,AACGGAACACTCAAAGATATTGGTGG,Circ_B1,#630757
292,AGTTCAAATGCAAACTGGGTTTTTCG,Circ_B1,#630757
293,GCACCAATCCTCAAATGACTTCTGCT,Circ_B1,#630757
294,ATTCGAAAGTATAATAACGTTAGTCG,Circ_B1,#630757
295,CTCAGAACATCCAAGGGTCTTGTCCT,Circ_B1,#630757
296,TGTAAAAGCAAGAACGGTTTTTATGA,Circ_B1,#630757
297,CTTGAAAACGTTAAGTGCATTTGGCT,Circ_B1,#630757
298,GCGCTAACTGCGAACTTATTTGTAAC,Circ_B1,#630757
299,TTCATAACCCAAAAAATATTTTGTCT,Circ_B1,#630757
300,CAAGAAACGCCCAAGTTTCTTGTGTT,Circ_B1,#630757
301,GGTAAAAGTTTCAAATCTGTTCTGGG,Circ_B1,#630757
302,AGATAAAGCCGGAATTGAATTACCAA,Circ_B1,#630757
303,TGATTAAAAGCGAATCAGATTCGGTA,Circ_B1,#630757
304,TTGTGAAGACTGAAATCGGTTTCTTT,Circ_B1,#630757
305,GCGCGAACTTTGAACGAGCTTCCATT,Circ_B1,#630757
306,ATAATAATTCTTAAGGCCCTTACAAG,Circ_B1,#630757
307,AAACAAATGCAGAATTTTGTTAGCAC,Circ_B1,#630757
308,AGAAAAATTCCTAAACTATTTCTCAA,Circ_B1,#630757
309,TGACAAACACCAAACTAGGTTCCCGA,Circ_B1,#630757
310,TTATAAACGTAAAAACTGATTACGTA,Circ_B1,#630757
311,TTTATAACGGCGAACATATTTTGTTG,Circ_B1,#630757
312,GCGGAAACGGGCAAGACTGTTAAATG,Circ_B1,#630757
313,AGGTTAAGAATTAAGTCGGTTGGTTC,Circ_B1,#630757
314,TGCCAAACTTGCAATCTGTTTCAATT,Circ_B1,#630757
315,ACCGGAAAGGGTAACCAGTTTTAAC,Circ_B1,#630757
316,AGGAAAATCGGCAAATTTGTTAACGT,Circ_B1,#630757
317,CGATTAAATTAGAATTATATTCATAC,Circ_B1,#630757
318,GTCCTAAATGTGAATTGACTTACCGT,Circ_B1,#630757
319,AGAACAATGCAGAATTGGATTAGTTC,Circ_B1,#630757
320,CGGCGAAAACACAATAGCATTGCGTG,Circ_B1,#630757
321,TATCGAATTGGAAACATTTTTTCCTC,Circ_B1,#630757
322,AATTCAAGTAGTAACCCTGTTCGCCA,Circ_B1,#630757
323,TTCCAAATCATGAAATAACTTATTGA,Circ_B1,#630757
324,ATTGGAAAGCGGAAACGGTTTCGCTG,Circ_B1,#630757
325,TCCTAAATCTTTAAATGTCTTAGGCT,Circ_B1,#630757
326,TGGGAAACCCGAAAATCATTTAGTGG,Circ_B1,#630757
327,CTCGCAAGTAACATGCTATTCTAAC,Circ_B1,#630757
328,ACCGGAAACACAAACTTGGTTATTTT,Circ_B1,#630757
329,AATTGAAATCCCATTGAATTTAGAC,Circ_B1,#630757
330,CTTGTAATTCTTAAATAAATTAGTGT,Circ_B1,#630757
331,AACATAAACATTAACACGGTTACGCT,Circ_B1,#630757
332,TAACGAAGGGCAAAGATAATTATTTG,Circ_B1,#630757
333,TCGGAAACTGTCAAGGGCCTTGGGTG,Circ_B1,#630757
334,TCTAAAAACTGTAATGTCCTTTAGCG,Circ_B1,#630757
335,TTGCCAAAGTCTAAATTTATTTTTCA,Circ_B1,#630757
336,CAGAAAATAGTCAAGTAGCTTGGCTC,Circ_B1,#630757
337,ATACGAAGCGGCAAGTAAATTGTAGT,Circ_B1,#630757
338,TTCCCAACGAACAAATAGCTTAGCTT,Circ_B1,#630757
339,CGTGTAATACTAAAGCAACTTATAGA,Circ_B1,#630757
340,AAGCTAAATTTAAATAGCGTTTAGTA,Circ_B1,#630757
341,GGAGGAATTGGCAAACATGTTGACTA,Circ_B1,#630757
342,TGAACAAATACTAACAGCTTTTCTTC,Circ_B1,#630757
343,ACACTAAATCTCAACTTTTTTTGTAG,Circ_B1,#630757
344,CAAACAAACTTCAAGCCCGTTAAAAA,Circ_B1,#630757
345,TTCAAAAGGTGAAAACTTATTTCACA,Circ_B1,#630757
346,AACGTAACATAGAAACGCATTAACAA,Circ_B1,#630757
347,GACTTAACTTTTAATCTTGTTGCGTT,Circ_B1,#630757
348,TATCGAAAAAAGAAATTTTTTTGTAA,Circ_B1,#630757
349,CCAGAAAACGGCAAGCGCGTTGCGGG,Circ_B1,#630757
350,TTAGTAACTAGAAATGCCTTTTTGAA,Circ_B1,#630757
351,ATATTAATTGTCAAAGCTATTTAGAT,Circ_B1,#630757
352,TTTTTAAAATGAACCATTTTGGATA,Circ_B1,#630757
353,CTTGAAATTAGCAACAATGTTACTCT,Circ_B1,#630757
354,TCCGAAAATACTAACAGACTTATCGG,Circ_B1,#630757
355,ATACCAACAGTCAACCCGCTTGTTAT,Circ_B1,#630757
356,ATCAGAATGACCAACGCTTTTTAAAG,Circ_B1,#630757
357,CATGTAACTACAAATTGCATTATATC,Circ_B1,#630757
358,GATATAAGCTGAAAATGCGTTGAAAC,Circ_B1,#630757
359,TGGGTAAGGGGAAAACAGGTTCGAAG,Circ_B1,#630757
360,AATCTAATCTGGAATTTGATTGGAGC,Circ_B1,#630757
361,TACGAAAACGTCAAAATCTTTCACTG,Circ_B1,#630757
362,GAGTAAACAGAAAAATGGGTTCCGAG,Circ_B2,#630757
363,TTTAAAACGATGAAGCTAATTTCTTC,Circ_B2,#630757
364,GCCATAAGCTGCAATAGCGTTGCCGG,Circ_B2,#630757
365,GGTCAAAGTCGAAATAGTGTTCATCA,Circ_B2,#630757
366,AACAGAACACCGAATCGATTTTGTCG,Circ_B2,#630757
367,TCCATAAAATTCAAGCTGGTTAACGA,Circ_B2,#630757
368,CTCGCAACCGGCAACAATGTTGGTGT,Circ_B2,#630757
369,AGGCCAATTTGAAATCGAATTGTCGA,Circ_B2,#630757
370,CACCTAAGAACTAAGACCTTTTTAAT,Circ_B2,#630757
371,GTGAAAAACTTAAACTAGTTTCACAA,Circ_B2,#630757
372,CTATGAAGCGACAAGCAGCTTAAGAC,Circ_B2,#630757
373,TGAGCAATCGGCAATACTCTTTAAGT,Circ_B2,#630757
374,TAGTCAAATTTAAAAAACTTTTAAAC,Circ_B2,#630757
375,TGCTAAACATCTAACGCGATTGGCTC,Circ_B2,#630757
376,ACTTGAATCTCGAAGTTGCTTGACGA,Circ_B2,#630757
377,AGAACAAGGTGAAACAAAATTTGGCC,Circ_B2,#630757
378,TTAGCAAATGTGAATCTGGTTACTAT,Circ_B2,#630757
379,TTCTGAACAAACAAGGGAATTACGGC,Circ_B2,#630757
380,GCGTTAATAGGCAACCGAGTTCTCGG,Circ_B2,#630757
381,CTATCAATATGGAACTTACTTGTGTG,Circ_B2,#630757
382,AGACAAATCCGTAATAGCGTTTATGA,Circ_B2,#630757
383,ATACAAACAATAAAGGGTGTTTAGCG,Circ_B2,#630757
384,AGTACAATCATTAAACTGTTTTTTGG,Circ_B2,#630757
385,TCAGAAATGGTCAAGTTTGTTGTGGG,Circ_B2,#630757
386,CTCCGAATCATTAATATGTTTTGTAC,Circ_B2,#630757
387,GACGCAATGCAGAACGGCGTTGTCTG,Circ_B2,#630757
388,ATTTCAAACTGTAACGTACTTTAAAG,Circ_B2,#630757
389,AACAGAATCTGTAAATGGCTTAATCC,Circ_B2,#630757
390,TGCGGAACCACCAACCACATTAAGGG,Circ_B2,#630757
391,CCGGTAATATGAAAATATATTGTAGC,Circ_B2,#630757
392,CAATCAACAGAAAATTACGTTGCGTG,Circ_B2,#630757
393,GATTCAAGTTGAAAGTGATTAGTTC,Circ_B2,#630757
394,CTGATAAACACGAAGGGACTTTGCGC,Circ_B2,#630757
395,AGCACAAGCATTAAGTATGTTGTCTG,Circ_B2,#630757
396,CTCCAAAGTGTTAATATGATTCATCG,Circ_B2,#630757
397,ACCAGAATGTGAATGTCTTTCGAAT,Circ_B2,#630757
398,TTACCAATTCTCAAGAAAGTTTCTTT,Circ_B2,#630757
399,AACAAAAGGCTTAATCCGATTTGGGA,Circ_B2,#630757
400,ACCATAAATGAGAACCAACTTGCGGT,Circ_B2,#630757
401,TTTAAAACGGCAAACTGAGTTGTGCC,Circ_B2,#630757
402,AGCCCAATTTTGAATTTGCTTGTTGA,Circ_B2,#630757
403,AACGAAAGCTACAACGAGTTTTTTTG,Circ_B2,#630757
404,CACAGAAATGAGAAAATCATTGTCTT,Circ_B2,#630757
405,GCCTCAAGTATGAAGGGGCTTCAGGG,Circ_B2,#630757
406,AGAAAAATATTAAAAGCAGTTGACTT,Circ_B2,#630757
407,TAGAAAAGGACAAAGTGGGTTTGATG,Circ_B2,#630757
408,TCTAAAAATTCAAATGCTTTTCGACT,Circ_B2,#630757
409,CGATTAAACTTCAATTTGTTTGAGTG,Circ_B2,#630757
410,GTAAGAAAATACAATGATGTTACGCC,Circ_B2,#630757
411,TATTTAAACACCAACCACATTGATGG,Circ_B2,#630757
412,AATGGAAAAATTAATACGATTAAGCG,Circ_B2,#630757
413,AGATAAAATCGAAACGGCCTTGCGGA,Circ_B2,#630757
414,TCGCAAAGAGTCAACAATATTCAAAG,Circ_B2,#630757
415,ATCGCAAGTTGCAATCGGTTTGTAGA,Circ_B2,#630757
416,TTTCCAAGTCCAAACCATTTTCTTTG,Circ_B2,#630757
417,GTATTAAACCGTAACACCGTTGCGGG,Circ_B2,#630757
418,AATATAATCATAAACCTAATTCTAGT,Circ_B2,#630757
419,ACTCGAATATCTAATATGATTTTTTG,Circ_B2,#630757
420,TACCTAAACATAAATAAGTTTCACAT,Circ_B2,#630757
421,TCAAGAAAGTGTAACACGTTGGGTT,Circ_B2,#630757
422,AAAGAAACCAGCAAGAGCTTTTCACG,Circ_B2,#630757
423,CCCAGAATACTAAATTCCTTTACGCA,Circ_B2,#630757
424,TGCCCAATACGGAATAAGGTTGAAGA,Circ_B2,#630757
425,TAGTAAAAAGATAAGTCAATTACCGT,Circ_B2,#630757
426,TTTTTAACAACTAAATTCTTTGGCTC,Circ_B2,#630757
427,ATATAAATCGTCAAGAACTTTCTCCA,Circ_B2,#630757
428,CCCTGAAATCTAAATTTTGTTCACGT,Circ_B2,#630757
429,AGTATAACGCAAAACTCGTTTACCAA,Circ_B2,#630757
430,ATTGGAAGTCTGAAGCTCGTTTGGGG,Circ_B2,#630757
431,TACCCAATATCCAAGAGAGTTTGCCA,Circ_B2,#630757
432,TGCTAAATCATTAAATAAATTGTGTT,Circ_B2,#630757
433,GACGAAAGTTTCAAAACTCTTGTCCA,Circ_B2,#630757
434,TAACCAACGGTAAAGTGGCTTGGAGT,Circ_B2,#630757
435,GCTACAAGGAGTAAACTATTTTAAAA,Circ_B2,#630757
436,CGAATAATTGTTAACTGGCTTGGCGT,Circ_B2,#630757
437,CGGCCAAACTGTAATTGACTTGGTTG,Circ_B2,#630757
438,ATATGAATCAGGAAAAGTGTTACAGC,Circ_B2,#630757
439,CCCACAAACGGGAACTAGTTTACACT,Circ_B2,#630757
440,TTCAAAACATCAAAGAGCTTTTAGGT,Circ_B2,#630757
441,ACTTTAACACAGAACCGATTTTGCAA,Circ_B2,#630757
442,CAGCTAAACACCAAAGGGTTTTATTG,Circ_B2,#630757
443,GACGCAACCTCGAATTAAGTTATCGA,Circ_B2,#630757
444,TACCAAATAGTAAAAGTGTTTTAACC,Circ_B2,#630757
445,AACTAAATTTAGAATTCTATTTATGT,Circ_B2,#630757
446,CATACAATATGTAATCAAATTTGCAT,Circ_B2,#630757
447,CAGGAAAATAAAAAGTGCATTATGTG,Circ_B2,#630757
448,GATTAAATATCGAACGCGTTTGTAGA,Circ_B2,#630757
449,CCAAAAATATAAAAGGTCGTTTAGTA,Circ_B2,#630757
450,AAATCAATCCCCAACTCTGTTCATTC,Circ_B2,#630757
451,AGCTGAATTGTCAACGGACTTTATTG,Circ_B2,#630757
452,CACTAAAACGTTAAAAAGGTTCTTAT,Circ_B2,#630757
453,GTTCTAATCTGTAATCCTTTTTGTTA,Circ_B2,#630757
454,ACGCTAACTACCAAGTGTCTTAGAAA,Circ_B2,#630757
455,CGCTAAAAAGCCAAGACCCTTTGAGC,Circ_B2,#630757
456,GCACAAATAGAGAATTAGATTAATCG,Circ_B2,#630757
457,TATCTAAATACTAACGACTTTTAACA,Circ_B2,#630757
458,CAGGTAATGGCAAAGTCTATTCGCAC,Circ_B2,#630757
459,GGATCAATGGGGAATAGGCTTGGCAC,Circ_B2,#630757
460,CTATCAACCTTGAATGCGATTACTGA,Circ_B2,#630757
461,TAGGTAAATACGAAAAACATTAAACC,Circ_B2,#630757
462,GTTAAAATAGCCAATGAGCTTCGCTT,Circ_G,#780ca6
463,CTTCTAACCGTCAACAGGCTTTCAGT,Circ_G,#780ca6
464,CGTGAAAAGCGTAACCTAGTTCTGTG,Circ_G,#780ca6
465,GCAGTAACGTTGAATGATCTTCGACG,Circ_G,#780ca6
466,AAACAAATGTGAAAACTACTTGTATT,Circ_G,#780ca6
467,CTCGAAACTCGAAACTTCATTGCCGG,Circ_G,#780ca6
468,ACGTCAACCATGAATACCTTTCTGCT,Circ_G,#780ca6
469,GATGAAAGCCGAAATTCCGTTACTGA,Circ_G,#780ca6
470,GAGCAAACGGTTAACAAGCTTCAGGC,Circ_G,#780ca6
471,TCGGTAATCAGGAATTGGTTTAAGGA,Circ_G,#780ca6
472,GATGTAACAGTTAAGTAGGTTAGAAT,Circ_G,#780ca6
473,CTACTAAGTTATAAGTTACTTGCATA,Circ_G,#780ca6
474,TTGAGAACTCAAAATGGTTTTTAAGA,Circ_G,#780ca6
475,ATGTAAACCTACAAATGTTTTTTCGT,Circ_G,#780ca6
476,TTTCCAATCAATAATCCAGTTATGTT,Circ_G,#780ca6
477,GTAGAAAACTAAAAGCGCGTTGCGTG,Circ_G,#780ca6
478,TTTGAAAAATAAAAGTAATTTCTCTT,Circ_G,#780ca6
479,GATAAAAGCGCAAAGTCCTTTTACTC,Circ_G,#780ca6
480,CTTTTAATCAAAAAGTGAGTTTTTTG,Circ_G,#780ca6
481,CGGGCAAATATCAACCATGTTTTAAA,Circ_G,#780ca6
482,CTACAAAGTTGTAATACAATTGGTGT,Circ_G,#780ca6
483,AGTCAAATAAATAATGTGATTAATAT,Circ_G,#780ca6
484,ACTCTAACCATAAAGCATTTTTCTTA,Circ_G,#780ca6
485,GTAGAAAACATTAACACTGTTCGGCC,Circ_G,#780ca6
486,CCCAAAACCTCAAAGCTGTTTCTTAG,Circ_G,#780ca6
487,GAGCAAACTCTGAATAACGTTGAGGA,Circ_G,#780ca6
488,ACAAGAAATTAGAAAATAGTTTAGTC,Circ_G,#780ca6
489,ATAATAAAAGCAAACCGTATTGTTAC,Circ_G,#780ca6
490,GTACGAACAAAAAAGGTAATTTTTTA,Circ_G,#780ca6
491,CTAGAAACGGAAAATTCGATTGATTG,Circ_G,#780ca6
492,TCTATAACCGTCAAAATGGTTTCCTT,Circ_G,#780ca6
493,CTTTTAACGTATAAAGATGTTGAACC,Circ_G,#780ca6
494,GGATTAAGGTCTAAATAGTTTTCTTG,Circ_G,#780ca6
495,CACTTAAAGGACAAGACTATTACCTT,Circ_G,#780ca6
496,AGGTAAAGAAAAAACCTTGTTTGATG,Circ_G,#780ca6
497,TAACCAACCAGTAAAAGCTTTGTAGT,Circ_G,#780ca6
498,GCCTCAACTCACAATTCTTTTTGTAT,Circ_G,#780ca6
499,ACATGAACCTCCAACAGTTTTGTAAT,Circ_G,#780ca6
500,AGAAAAAATCATAAGTGACTTATGAA,Circ_G,#780ca6
501,CAGTGAAAAAGTAACCGCGTTGCCTG,Circ_G,#780ca6
502,CAGGAAATCTGCAAGGATTTTGGTCT,Circ_G,#780ca6
503,CAAAAAATGTACAATGTGGTTGATGG,Circ_G,#780ca6
504,CCACGAACAATAAATCGTCTTTTGTT,Circ_G,#780ca6
505,ACATGAATACGCAACCCGGTTAGATG,Circ_G,#780ca6
506,GTATGAACGTCTAATGGGTTTGGGTA,Circ_G,#780ca6
507,ACTCTAATTGTAAATGTCTTTATTTT,Circ_G,#780ca6
508,ATGGTAAAATCTAACTCCGTTCGGGC,Circ_G,#780ca6
509,CTTCAAAAGCGCAAATTTATTTTGTG,Circ_G,#780ca6
510,GGATCAAAAAGGAACATTTTTGTAGG,Circ_G,#780ca6
511,GTAATAACGGAGAATTGTTTTATTCA,Circ_G,#780ca6
512,ACTTAAAGAAGAAAATGCGTTAATGT,Circ_H,#fa0505
513,GCAGAAATTATTAACCGGCTTACCTC,Circ_H,#fa0505
514,TAAATAACGTATAAGTCTGTTGTATC,Circ_H,#fa0505
515,ACCCTAACACCAAAATGCATTCCTAA,Circ_H,#fa0505
516,TGGACAATTCGCAACATTCTTCGTTG,Circ_H,#fa0505
517,ACATCAATCTGGAAACAGGTTCTGCC,Circ_H,#fa0505
518,TCAGAAAAAGTGAACAGTATTTTGTC,Circ_H,#fa0505
519,TTATAAATACAGAAGTCATTTTTACA,Circ_H,#fa0505
520,CATCGAAACGTAAATTTCCTTGTCTT,Circ_H,#fa0505
521,ACTTAAAACCTCAAGTCCATTTTGTG,Circ_H,#fa0505
522,TAGCAAAGCTAGAAAGGAGTTGGGCC,Circ_H,#fa0505
523,GCAGCAAATATGAACGTATTTGTCCC,Circ_H,#fa0505
524,AAGCAAATATGTAAGACGGTTCCTAC,Circ_H,#fa0505
525,CCGAGAACCTAGAAGGCCTTTACCGT,Circ_H,#fa0505
526,ACGATAAGACTTAAAATTCTTTTTAT,Circ_H,#fa0505
527,GTTGTAAACATAAAAGAGGTTAGAAG,Circ_H,#fa0505
528,CAGAAAAAGGTAAACAATTTTTAGAC,Circ_H,#fa0505
529,TATTTAATTTTAAAATCCCTTTTGTC,Circ_H,#fa0505
530,GAGAGGAAACACAAACGGGTTTGGCTC,Circ_H,#fa0505
531,GTTCGAATCTTGAAGGTTGTTCTGGA,Circ_H,#fa0505
532,GCCTGAATTGGAAAGGAGGTTGCGGG,Circ_H,#fa0505
533,TAGATAATCATGAAGATTTTTGACTC,Circ_H,#fa0505
534,AGAGGAACGTCGAACAGTGTTGCCTT,Circ_H,#fa0505
535,AATTTAAACGACAATCCGATTATTAG,Circ_HF1,#db8686
536,GAGGAAATCTCTAATAGGCTTCAATT,Circ_HF1,#db8686
537,TCTCCAAGAGGTAAGTAAATTGAGGT,Circ_HF1,#db8686
538,TTGAGAAGGATCAACGTACTTGCGAG,Circ_HF1,#db8686
539,GCTTAAAAACTAAATCTAATTTTTTT,Circ_HF1,#db8686
540,GACTGAATGGTCAAAATGTTTGTGGA,Circ_HF1,#db8686
541,ACACGAAGCGCCAAATATATTAGAAG,Circ_HF1,#db8686
542,TTGACAATTCAGAAGTTCGTTAACTG,Circ_HF1,#db8686
543,AAGATAAATGACAAACGACTTCAAGA,Circ_HF1,#db8686
544,ATTTCAAACCGAAATTCGATTTGGAC,Circ_HF1,#db8686
545,AATGGAATAGATAAGCTTCTTATACC,Circ_HF1,#db8686
546,TCTTCAAATGTGAAAACGTTTCAGGA,Circ_HF1,#db8686
547,TAGTTAACACAAAAAACCGTTAAATG,Circ_HF1,#db8686
548,TGTTTAAAGCATAATTTCCTTAAGAT,Circ_HF1,#db8686
549,AACATAAATTTTAACCCCTTTACGGG,Circ_HF1,#db8686
550,TCACTAAAGCTTAACTAAATTTAAGT,Circ_HF1,#db8686
551,GGTTAAATGGTGAACACTCTTCTGGC,Circ_HF1,#db8686
552,ATAACAAGCGTAAAAAATGTTCCCTT,Circ_HF1,#db8686
553,AAGTAAAAGAGGAAGGGGGTTGCGCC,Circ_HF1,#db8686
554,CATGTAACATAGAATGGCTTTTTGGGT,Circ_HF1,#db8686
555,GTGAAAAGACATAAATGTATTGCTAG,Circ_HF1,#db8686
556,TCAAAAAGCGCAAAACCATTTGATAC,Circ_HF1,#db8686
557,GTAGGAAACTAGAATCTGCTTTGGAA,Circ_HF1,#db8686
558,TAGTTAACACTGAAATTTTTTGTAAG,Circ_HF1,#db8686
559,GTTCAAATGATTAAGAGAGTTCTCGC,Circ_HF1,#db8686
560,TCGAGAAAAGAGAATGGTGTTTCGCG,Circ_HF1,#db8686
561,GGGCTAAGCTGGAATAAGTTTCTGCG,Circ_HF1,#db8686
562,TCGGTAATAAACAAACAGTTTCTGGT,Circ_HF1,#db8686
563,CGTTTAATCACGAAATTATTTACATT,Circ_HF1,#db8686
564,CACGAAATGAGTAAGACGGTTATGCC,Circ_HF1,#db8686
565,GTAAGAATATGTAATATTATTTTGAA,Circ_HF1,#db8686
566,CAAGTAAGAGGGAAACGGGTTCGCGC,Circ_HF1,#db8686
567,AAATTAACTCAAAATGCAGTTTGTTT,Circ_HF1,#db8686
568,CGGGAAAAATGGAAAGGAATTGGTTG,Circ_HF1,#db8686
569,TGCCAAACACAGAATAAGGTTGTAAT,Circ_HF1,#db8686
570,CATGAAAATTGCAAGTGGATTTGCCC,Circ_HF1,#db8686
571,CGTGGAAGGTACAAAAAGCTTAGATG,Circ_HF1,#db8686
572,TTGAGAATCTTAAACCAGATTGGGCT,Circ_HF1,#db8686
573,ACATAAATTGGTAAGATGGTTGGGGG,Circ_HF1,#db8686
574,ATACGAATATCGAAATAAGTTGGGCA,Circ_HF1,#db8686
575,ACCTAAAATTCTAAATATATTCTTAT,Circ_HF1,#db8686
576,CGCACAAGAACTAATGGCATTGCCAC,Circ_HF1,#db8686
577,GTAGAAATCAAAAACAGCTTTATAAG,Circ_HF1,#db8686
578,GTAGGAATCTCCAAGCAGCTTGATAT,Circ_HF1,#db8686
579,TTTGCAAACAATAAATTACTTCTTAGC,Circ_HF1,#db8686
580,CCCGCAAATTAGAATGCACTTAACAT,Circ_HF1,#db8686
581,GTTAAAATCAGGAAAACGGTTGTATT,Circ_HF1,#db8686
582,TCATCAATTGTTAAGTTGTTTGGATT,Circ_HF1,#db8686
583,CCCCCAACATTCAACAAGATTGCTGT,Circ_HF1,#db8686
584,ATTTTAATCTATAAGGCAGTTATGTC,Circ_HF1,#db8686
585,TAGGTAATTTTGAAGCTCTTTAAATT,Circ_HF2,#db8686
586,CGGTCAACACAGAAGTTGATTAGTTG,Circ_HF2,#db8686
587,TACATAACATGAAATAAGCTTAGCGC,Circ_HF2,#db8686
588,TTCAAAAGACTTAAAAGCATTTTGGA,Circ_HF2,#db8686
589,GACAAAATAATGAAGTAAATTCGTGG,Circ_HF2,#db8686
590,TCCGAAATGTAGAATATAGTTAGCAA,Circ_HF2,#db8686
591,CAGGGAATAGCAAAGATCATTTTTAA,Circ_HF2,#db8686
592,ATATTAATTCGTAATATTATTTGGGA,Circ_HF2,#db8686
593,AGGTTAACCACCAGAGCCTTGACCG,Circ_HF2,#db8686
594,AAACTAATCGGTAAGTATTTTATAGT,Circ_HF2,#db8686
595,TCTGTAATATCTAAACAACTTCTGTT,Circ_HF2,#db8686
596,CTATGAATAAGAAACTAACTTGTGCT,Circ_HF2,#db8686
597,GACTTAAAGGTCAACAAGTTTTTATC,Circ_HF2,#db8686
598,AATGTAAGACAGAAATGTCTTGACGT,Circ_HF2,#db8686
599,GAATTAAAAGCGAATAATGTTGAAAT,Circ_HF2,#db8686
600,AGCACAACGAAAAATGCGGTTCCGTC,Circ_HF2,#db8686
601,TCTCCAAAACTGAATTGTATTAGCCA,Circ_HF2,#db8686
602,AATCGAATCTAAAATGCCATTCCGCT,Circ_HF2,#db8686
603,GATTCAAAGTTAAACAGGGTTCACTA,Circ_HF2,#db8686
604,GATCGAACTCCAAAAACAATTTAATA,Circ_HF2,#db8686
605,TATGGAAAACAGAAGCATCTTAATGG,Circ_HF2,#db8686
606,TGGCCAACAGTTAAAACGGTTGTTCA,Circ_HF2,#db8686
607,CGTGCAAGCTCGAATTTATTTGTTTA,Circ_HF2,#db8686
608,GAGGCAAATGATAACTTTGTTAGGC,Circ_HF2,#db8686
609,AACGCAACAAACAACACTTTTGCAGC,Circ_HF2,#db8686
610,TTTAGAATGTCTAATTATCTTGATT,Circ_HF2,#db8686
611,ACTAAAATAGTAAAGATGTTTGATTA,Circ_HF2,#db8686
612,AACCGAATCACAAAGTCTATTTATTT,Circ_HF2,#db8686
613,TTTATAACTACCAAGCCGATTGGAAG,Circ_HF2,#db8686
614,CGCTAAACCGTTAATCCTGTTTGGTG,Circ_HF2,#db8686
615,GCGCGGAACCTGGAAGCCACTTAAGAT,Circ_HF2,#db8686
616,TCTTCAATCTTGAACAGGTTTTAGGA,Circ_HF2,#db8686
617,GGGGGAATAAGAAATTATTTCGGGC,Circ_HF2,#db8686
618,AAACAAACTACAAACCCCATTGCCTT,Circ_HF2,#db8686
619,CCATTAAACAAGAACTTCGTTGGCTC,Circ_HF2,#db8686
620,GGCCGAACCTGCAAAGATGTTGATGG,Circ_HF2,#db8686
621,TAAATAATCAGAAATGTTGTTGTTAT,Circ_HF2,#db8686
622,TCGGGAAGGTATAAGCGGCTTGAGGC,Circ_HF2,#db8686
623,TTTCCAATTAAGAAGGGCTTTTCGGT,Circ_HF2,#db8686
624,TATACAACTGGAAAGAATGTTTACAT,Circ_HF2,#db8686
625,CCACAAAGCAATAACTTGATTTTATC,Circ_HF2,#db8686
626,CATTAAATAAGAAAGATTGTTAGTCT,Circ_HF2,#db8686
627,AATTGAATTGAGAAGGGGGTTAGGGT,Circ_HF2,#db8686
628,TTAATAAACAATAAAACACTTGGTAT,Circ_HF2,#db8686
629,TGGTGAAACTGAAACTCGTTTGACGA,Circ_HF2,#db8686
630,TTAGAAAACGACAAGTGCTTTTGTGC,Circ_HF2,#db8686
631,GTGGAAAGGTCCAACTGTTTTCACGG,Circ_HF2,#db8686
632,TTTAAAATGGGGAAGATGCTTATCAC,Circ_HF2,#db8686
633,AAAGCAATTCAAAACGTTTTTGAACG,Circ_HF2,#db8686
634,TGCCAAATAGTGAACCTGGTTCCCGG,Circ_HF2,#db8686
635,GATAGAATTCTTAAAATCCTTATTGT,Circ_HN1,#f59c05
636,TTGTTAAAACTTCAATGGTGTTTGCAC,Circ_HN1,#f59c05
637,TTTAAAAGAAGAAAGTTATTTGCATA,Circ_HN1,#f59c05
638,GAGCAAATTGATAAGGTGGTTGCTAG,Circ_HN1,#f59c05
639,TCTTCAATGGATAAGCAAGTTCGTCA,Circ_HN1,#f59c05
640,TCTGCAAAAGGGAAAGAGGTTGGTGC,Circ_HN1,#f59c05
641,CTGATAACGGGCAACGGGTTTCTAAC,Circ_HN1,#f59c05
642,CTATTAACTGATAACTTTATTGAACC,Circ_HN1,#f59c05
643,CCTATAATCTCAAATGATTTTGTGTT,Circ_HN1,#f59c05
644,ATTTAAACACGGAAAGATTTTTCGAA,Circ_HN1,#f59c05
645,TTTTAAATTACTAAGACGATTAAGGC,Circ_HN1,#f59c05
646,CAGTCAAATCCGAAATAACTTAAGTC,Circ_HN1,#f59c05
647,GATGAAACAAGGAATGGGCTTCAAGG,Circ_HN1,#f59c05
648,GTCTAAACAATAAATGGTTTTAACTG,Circ_HN1,#f59c05
649,ATCGAAACGTGAAATCTTTTTCAAAT,Circ_HN1,#f59c05
650,CGGACAAATGTCAAAAGAGTTGTTCA,Circ_HN1,#f59c05
651,GTAGTAAGAGGGAAGGGGCTTGTGGG,Circ_HN1,#f59c05
652,GGACAAATAAAAAAATACATTGACTA,Circ_HN1,#f59c05
653,GCCGAAACTGATAACACGGTTATGTT,Circ_HN1,#f59c05
654,CTATCAAACCGTAATAGCCTTACCCC,Circ_HN1,#f59c05
655,TGTCGAACAGGGAAAATTTTTAGGGC,Circ_HN1,#f59c05
656,TGATAAACGATTAAACGAGTTGAT,Circ_HN1,#f59c05
657,GCATGAAAGGGTAATTTTATTCAAAT,Circ_HN1,#f59c05
658,ATCATAACAGAGAATTCCGTTACTTC,Circ_HN1,#f59c05
659,AACTAAACAAGTAAAGGCTTTGGTGT,Circ_HN1,#f59c05
660,ACCAAAACGGGAAAGGCGTTTAGATC,Circ_HN1,#f59c05
661,AAGTTAACCCGGAAACAGGTTAATGA,Circ_HN1,#f59c05
662,ACGCTAATCAGGAACAGTGTTTTTTC,Circ_HN1,#f59c05
663,ACGCCAAAATCAAATGTAGTTAATGA,Circ_HN1,#f59c05
664,GTGTTAAACTGTAAGTGTATTTAACA,Circ_HN1,#f59c05
665,CGCCTAATCAGGAAAGCAATTCCAAT,Circ_HN1,#f59c05
666,CTAATAACGGTTAACAAGTTTAAGTC,Circ_HN1,#f59c05
667,ATCATAATCGCAAACTGTGTTCTTAG,Circ_HN1,#f59c05
668,ACAATAATAGATAAGCTCGTTTCAAC,Circ_HN1,#f59c05
669,CGGACAACTTATAATTTCGTTGTCTG,Circ_HN1,#f59c05
670,AACAAAAAAGTTAACTTTATTCGTAA,Circ_HN1,#f59c05
671,AACGAAACCGATAACTATGTTCATTG,Circ_HN1,#f59c05
672,AGGGCAATGGACAAAGTTATTGGTGT,Circ_HN1,#f59c05
673,AAACCAATCCGTAACCAGTTTTTCGA,Circ_HN1,#f59c05
674,TTGACAACAGAAAATGACGTTATACC,Circ_HN1,#f59c05
675,ACCACAACGACGAATCATATTACGCT,Circ_HN1,#f59c05
676,AAACGAAAGTGGAACAGTATTTATCT,Circ_HN1,#f59c05
677,TACTTAATTTACAATCTTATTTATCT,Circ_HN1,#f59c05
678,ATTGTAAACAGCAATCATCTTCGGTC,Circ_HN1,#f59c05
679,ATACTAAAGTTAAAAGGTTTTCTGTT,Circ_HN1,#f59c05
680,GCTGAAATGGCGAAGAGAGTTGTCGT,Circ_HN1,#f59c05
681,GGTCCAAATTTAAATCGCCTTTAAGG,Circ_HN1,#f59c05
682,GGTGAAACATGCAATGCTTTTGAATG,Circ_HN2,#f59c05
683,ACCTAAACGAATAAAGCATTTAATAC,Circ_HN2,#f59c05
684,TGCAAAATATATAACGTTTTTTATAA,Circ_HN2,#f59c05
685,ACCTAAACTTCTAAGCTCATTACGCT,Circ_HN2,#f59c05
686,GTACCAACAGGGAAAAAAGTTAGGCG,Circ_HN2,#f59c05
687,TTCATAACACTGAAGGCTGTTGTGTG,Circ_HN2,#f59c05
688,GTTACAAGTGGGAAGGGTATTGAGTT,Circ_HN2,#f59c05
689,ACAGTAATAGGCAAAGCACTTCTCTC,Circ_HN2,#f59c05
690,GTCATAAACGTTAAGATCGTTTGGAC,Circ_HN2,#f59c05
691,GCGACAATAGTTAATATCGTTTATCG,Circ_HN2,#f59c05
692,TGCCTAATTTAGAACGGGTTTTAGCA,Circ_HN2,#f59c05
693,TATCAAACCGGTAAGCCATTTACAGA,Circ_HN2,#f59c05
694,TTCTTAATTGTCAACAAGTTTAAATC,Circ_HN2,#f59c05
695,AGAAGAAGAAAGCCTATTTGACCG,Circ_HN2,#f59c05
696,TTGATAATAAAGAATCGCGTTAGGCA,Circ_HN2,#f59c05
697,CATCCAAACATAAACTGGCTTCAATA,Circ_HN2,#f59c05
698,ATACTAATCGGGAAAAGTTTTAGGTA,Circ_HN2,#f59c05
699,CCCTCAATAAAGAACGCTATTACTGT,Circ_HN2,#f59c05
700,TCGGCAATGTTTAACAGGTTTGGGCG,Circ_HN2,#f59c05
701,CTCTTAAGCGGTAAACTGTTTTCGCA,Circ_HN2,#f59c05
702,TGGCTAAATTAAAACCGTGTTTCACA,Circ_HN2,#f59c05
703,ACGGCAAAATCTAAGATTATTGAAAC,Circ_HN2,#f59c05
704,AACGCAACATGGATTTGATTGCGTG,Circ_HN2,#f59c05
705,CCCAAAAACCCGAAAGGGCTTAATGC,Circ_HN2,#f59c05
706,CTTCAAATCGCTAACTTGTTTAGAAA,Circ_HN2,#f59c05
707,TTGATAAAGCAGAATTGTGTTGTCGG,Circ_HN2,#f59c05
708,ATTAAAACATACAACACTTTTGGCAA,Circ_HN2,#f59c05
709,GAACTAATATTAAATGATTTTCATAA,Circ_HN2,#f59c05
710,CCGAGAAACACTAAGGAAATTCTGGG,Circ_HN2,#f59c05
711,GTGGGAAGGTTGAAGAGTGTTGCGTG,Circ_HN2,#f59c05
712,CGGCAAAACAGGAAACGGTTTGGTGT,Circ_HN2,#f59c05
713,CTGTCAATCCCTAATATCCTTAGGCT,Circ_HN2,#f59c05
714,CAGGGAAAATGAAATAAGGTTCGGCA,Circ_HN2,#f59c05
715,TTTTGAACTTGCAACCCGATTATCGA,Circ_HN2,#f59c05
716,CCGTAAAGCACAAATCCTCTTGAGCG,Circ_HN2,#f59c05
717,CTTCAAAACTTCAAACGGCTTTAAAG,Circ_HN2,#f59c05
718,TTCCGAAACGATAAAGAAATTGCATG,Circ_HN2,#f59c05
719,TAGGAAATCTCTAAGGGGCTTGGGAG,Circ_HN2,#f59c05
720,ATACTAACACTTAAGCGGGTTCGGAT,Circ_HN2,#f59c05
721,TGAACAACCGAGAATCTTCTTGTTTA,Circ_HN2,#f59c05
722,ATCGAAACGTGTAAATTTCTTTTGAA,Circ_HN2,#f59c05
723,GTCCGAAGAAATAAGCCGCTTTGTCG,Circ_HN2,#f59c05
724,AAATGAATACGCAACGTTGTTAGTTG,Circ_HN2,#f59c05
725,GAGATAAGGCGTAATAGAGTTAGCCT,Circ_HN2,#f59c05
726,TCGCCAATACTGAAGTTCATTTGTTG,Circ_HN2,#f59c05
727,ATATTAAACGGTAATAATATTTATGG,Circ_HN2,#f59c05
728,TTTTAAAACGGGAACTAACTTCTGAT,Circ_HN2,#f59c05
729,GAAGTAATTCAAAATCTTTTTTATAC,Circ_HN2,#f59c05
730,CTGGAAATACTCAACCAAGTTTAATA,Circ_HN2,#f59c05
731,CAGATAACCTAGAAGTTTTTTGGTGC,Circ_HN2,#f59c05
732,AAGATAAGACGTAATAGGGTTACGGA,Circ_L,#055deb
733,TCACTAAGAGATAAAAGGTTTTTGTG,Circ_L,#055deb
734,TGATAAAGAAAGAATCACGTTTCAGA,Circ_L,#055deb
735,GAATAAACACGTAATTGGGTTGTGGG,Circ_L,#055deb
736,TCATAAACCTATAATCGTTTTGTCGA,Circ_L,#055deb
737,GTACCAACCAGTAAAGCTGTTCGTTG,Circ_L,#055deb
738,GAAGTAACATAAAATGCTCTTGTGCA,Circ_L,#055deb
739,TAGATAACATAAAAGCGTCTTCAAAT,Circ_L,#055deb
740,CTCAAAAGCCAGAAAAGCCTTTAGTT,Circ_L,#055deb
741,GACAGAAAGAATAAGCATGTTTGCAA,Circ_L,#055deb
742,ACGAAAATATGAAATGTTGTTTTGTT,Circ_L,#055deb
743,GCCTCAATGCGTAATTCAATTCATCT,Circ_L,#055deb
744,AGTGGAATGTGAAATTGCCTTGTCTG,Circ_L,#055deb
745,CTGGAAATCGTGAATGAGGTTGGTGC,Circ_LF1,#5d7db0
746,CCTACAACCTGCAAGTTGCTTCCGTG,Circ_LF1,#5d7db0
747,TGACGAATGTTCAAGCATATTCTTTT,Circ_LF1,#5d7db0
748,GGAACAAGCAGCAAGGGGGTTGGGTA,Circ_LF1,#5d7db0
749,ACCCGAAGATTAAAAGCCGTTTTGAA,Circ_LF1,#5d7db0
750,GTTGCAAGCCTAAATGCCGTTATAGT,Circ_LF1,#5d7db0
751,ATAAAAAATTTAAATTGAATTACTGT,Circ_LF1,#5d7db0
752,GTAGCAAGGGGTAATTCGCTTCATTT,Circ_LF1,#5d7db0
753,ATCAGAATTATAAACTCGGTTAGGCT,Circ_LF1,#5d7db0
754,CTGTTAAATCAAAAATACATTTTTAG,Circ_LF1,#5d7db0
755,TCTAAAACATGGAACTGAGTTTTTTA,Circ_LF1,#5d7db0
756,CAAGGAATTAAGAATACGGTTATGGT,Circ_LF1,#5d7db0
757,GCCACAAATAGTAAATAGGTTCTATT,Circ_LF1,#5d7db0
758,AATCGAATCTACAATCCAATTTTTCA,Circ_LF1,#5d7db0
759,TTGAGAATCTTTAATAAACTTTCAGG,Circ_LF1,#5d7db0
760,TTCTGAAAATGTAAGTTGTTTTCAAT,Circ_LF1,#5d7db0
761,TCCGTAATAGGGAAATTCCTTCGACG,Circ_LF1,#5d7db0
762,AACTCAACAAGTAACTAAGTTAACTC,Circ_LF1,#5d7db0
763,CTGTCAAGCTAAAAAATAATTTTTTT,Circ_LF1,#5d7db0
764,GGAATAATAACGAAGTACGTTTTTCC,Circ_LF1,#5d7db0
765,CTAGAAAGATTTAATCCTGTTACTTC,Circ_LF1,#5d7db0
766,TAGTAAAACCATAATGGAATTCGATA,Circ_LF1,#5d7db0
767,ACCAAAAGACAAAAACCGGTTGAAAA,Circ_LF1,#5d7db0
768,TTATGAAGGTTGAAGTTGATTAGTAT,Circ_LF1,#5d7db0
769,TTCTGAACTGCCAATGGTTTTAATGT,Circ_LF1,#5d7db0
770,GGACTAACATCTAAATGTCTTTTGAT,Circ_LF1,#5d7db0
771,GCTCGAATCCTCAAATATGTTCGTCG,Circ_LF1,#5d7db0
772,AATTGAACGCTAAATCAGATTTAAAT,Circ_LF1,#5d7db0
773,GTGAAAATACAAAACCTTGTTGTGGT,Circ_LF1,#5d7db0
774,CTCACAAACACCAAAATACTTAGTCC,Circ_LF1,#5d7db0
775,CCCCTAATCCGGAAGGGCCTTCCGCA,Circ_LF1,#5d7db0
776,ATGATAAGTTCTAACAAAATTTTCGC,Circ_LF1,#5d7db0
777,TTTAAAACCTATAAACTCTTTTTACA,Circ_LF1,#5d7db0
778,CCAACAATTCGAAACATGTTTAATAT,Circ_LF1,#5d7db0
779,ATTCAAAGTGTGAATTGGCTTTGGAC,Circ_LF1,#5d7db0
780,AAGGGAACTATCAATTATCTTCGCGC,Circ_LF1,#5d7db0
781,CCGTCAAGCTATAAGACCGTTGGCAC,Circ_LF1,#5d7db0
782,ATCGCAAAATTTAAGATACTTCTCAC,Circ_LF1,#5d7db0
783,GTCCAAACTTGTAAAGGTCTTGCATA,Circ_LF1,#5d7db0
784,CGCCCAAATATGAATGGGGTTGTAAA,Circ_LF1,#5d7db0
785,TAAGCAACCGGTAACCCTTTTGGTCC,Circ_LF1,#5d7db0
786,CCCAAAAATCCTAATATAGTTCAAAC,Circ_LF1,#5d7db0
787,CATGTAACCGCGAATTTAATTTGTGT,Circ_LF2,#5d7db0
788,TTAATAAACAAGAAACGGGTTGTGGA,Circ_LF2,#5d7db0
789,TGGCCAACGACGAATGCCATTGTCAG,Circ_LF2,#5d7db0
790,TATTAAATAGGAAACGGGCTTATTAA,Circ_LF2,#5d7db0
791,TATTAAAAATTGAACTACTTTTCTCA,Circ_LF2,#5d7db0
792,CCTCTAAACTGGAACTAACTTCGATA,Circ_LF2,#5d7db0
793,TCTCGAACGCTCAAGTAGTTTCGGAG,Circ_LF2,#5d7db0
794,ACGGGAAGTACGAAGGTGTTTTGGGC,Circ_LF2,#5d7db0
795,CTAGGAATAGGAAACGGAGTTTGTGA,Circ_LF2,#5d7db0
796,AACTTAAGCCCTAAAGTCTTTAATTC,Circ_LF2,#5d7db0
797,ATCATAATTCGGAAACGGGTTGGGTC,Circ_LF2,#5d7db0
798,GGTAGAACGCGAAACTGAGTTGGCGG,Circ_LF2,#5d7db0
799,TCCGCAACTTAAAAGTGGATTGATGG,Circ_LF2,#5d7db0
800,TAAACAATTTAGAATTTGCTTATCGA,Circ_LF2,#5d7db0
801,ATCAAAAGATGTAACTGTTTTCGATA,Circ_LF2,#5d7db0
802,TGTCTAACGATTAACTTCATTCGTGG,Circ_LF2,#5d7db0
803,CCTTCAAGGATCAATACGGTTTCTCA,Circ_LF2,#5d7db0
804,GTCAAAATAAGTAAATAGGTTGCGTG,Circ_LF2,#5d7db0
805,AGTTTAAATACAAACTTAGTTGTATG,Circ_LF2,#5d7db0
806,AATGGAATGGTGAAAGAATTTGCTGT,Circ_LF2,#5d7db0
807,CAGATAAGTATGAATATCTTTTTGTT,Circ_LF2,#5d7db0
808,TTACCAAGGATAAAAAACCTTGATTC,Circ_LF2,#5d7db0
809,TTACGAAGGGACAAGCTGGTTGTGGC,Circ_LF2,#5d7db0
810,CGAAAAAGAGGTAATTGAATTTATAA,Circ_LF2,#5d7db0
811,GGAGTAAACTATAAGCATTTTTATAT,Circ_LF2,#5d7db0
812,GCAACAATCGTAAAATTGTTTAAAAC,Circ_LF2,#5d7db0
813,AATCTAAATATTAACGGGTTTGGTCA,Circ_LF2,#5d7db0
814,TGAAAAACATTGAAAGGCATTTTTTG,Circ_LF2,#5d7db0
815,GACGAAACTGAAAACGTCCTTCAATC,Circ_LF2,#5d7db0
816,AGGCGAAAAAAGAAATTACTTATGTG,Circ_LF2,#5d7db0
817,GCATTAATTCGAAATTTTCTTAGGTC,Circ_LF2,#5d7db0
818,ACAATAACGCATAAATGACTTGGCGG,Circ_LF2,#5d7db0
819,GTTAAAATTTTCAATTTGGTTCGTAG,Circ_LF2,#5d7db0
820,TCGAAAAACGGAAAGGTAATTGGATA,Circ_LF2,#5d7db0
821,TTTTGAATATGGAATTCCCTTAGCAG,Circ_LF2,#5d7db0
822,CTCGAAAATCGTAAGCCATTTAGCGG,Circ_LF2,#5d7db0
823,CTCATAATTTCGAACAGAATTGTAAT,Circ_LF2,#5d7db0
824,GAGTAAAAACAAAAGATACTTGTCCG,Circ_LF2,#5d7db0
825,TCGTCAAATCGAAATGAACTTTTCTT,Circ_LF2,#5d7db0
826,CTACAAACAGGTAAAATTGTTAAGGA,Circ_LF2,#5d7db0
827,AACCCAAAAAATAACAAGTTTTGGTA,Circ_LF2,#5d7db0
828,CTCATAAAGAAAAATTCAATTTAAAT,Circ_LF2,#5d7db0
829,ACCAAAAGTAAAAATGTCCTTTCAAA,Circ_LF2,#5d7db0
830,ACCGAAAAATAAAACAAGTTTATCGG,Circ_LF2,#5d7db0
831,ACGAAAACATTGAAGATTATTGTTTT,Circ_LF2,#5d7db0
832,AATCCAACTTCTAATTGTGTTACGAC,Circ_LF2,#5d7db0
833,CATGCAACAATAAAATAATTTGAATG,Circ_LF2,#5d7db0
834,GGATCAACCGTGAAACTAGTTACGCT,Circ_LF2,#5d7db0
835,GTCCCAAGGCAAAAGCAAGTTCGAAT,Circ_LF2,#5d7db0
836,AGTGTAACATGAAATCCGCTTATGGT,Circ_LF2,#5d7db0
837,GGGGGAAGTGGCAATGGGTTTGGATT,Circ_N,#bdba0f
838,GATTGAAGAAGTAAATTATTTCACTA,Circ_N,#bdba0f
839,TTGTTAAGCTGCAAGATCGTTGCTGA,Circ_N,#bdba0f
840,AAATAAAGAGAAAATTCATTTTAGCT,Circ_N,#bdba0f
841,AACAGAACCAAAAAACTTATTCTTTC,Circ_N,#bdba0f
842,ACTCAAAAAGTTAAAATTCTTCTTTA,Circ_N,#bdba0f
843,ATGTCAAATGTTAACATAGTTGAGAA,Circ_N,#bdba0f
844,CACTGAAATTGGAAGATCGTTTATAA,Circ_N,#bdba0f
845,TGTTAAACAGTTAAGGTTTTTTACTA,Circ_N,#bdba0f
846,TTAATAATCGCGAATGCCGTTTTGCT,Circ_N,#bdba0f
847,AATTAAACTAAGAACAGGTTTGATCT,Circ_N,#bdba0f
848,TCACTAATTCTGAACTATTTTTGATA,Circ_N,#bdba0f
849,TAAACAAAGGTAAAGAAACTTCCGAA,Circ_N,#bdba0f
850,ACGAAAACTCAGAAGTTCATTTCGGG,Circ_N,#bdba0f
851,ACTCCAACTACTAACGCGTTTGCGGC,Circ_N,#bdba0f
852,TAGCAAATATGAAAGAACTTTGTCTT,Circ_N,#bdba0f
853,CTCCCAACATTGAATTCCATTGCAAA,Circ_N,#bdba0f
854,TTGAAAATCATAAAGCCAATTGCTCC,Circ_N,#bdba0f
855,TACTGAACTGGGAAGGCGCTTGAGAT,Circ_N,#bdba0f
856,ACTTTAAAAATCAAACAACTTACGGG,Circ_N,#bdba0f
857,ACAACAACAATGAAGATCATTTTCTG,Circ_NF,#918f41
858,TCATTAAATCTCAAGGACGTTAGTCT,Circ_NF,#918f41
859,TTACAAAATTGGAACTCGCTTGACAA,Circ_NF,#918f41
860,TGTTAAATGTGAAATATAGTTACCGT,Circ_NF,#918f41
861,TGATTAATTTCAAAACTAATTAATAT,Circ_NF,#918f41
862,GTAACAATCGGTAAGACTTTTCTCGC,Circ_NF,#918f41
863,AAGACAAAAAAGAAGCGGCTTTCGTT,Circ_NF,#918f41
864,ACAACAAAGTTTAAATGCGTTGCATA,Circ_NF,#918f41
865,TCGGGAAGTCACAATGGGATTGTATC,Circ_NF,#918f41
866,TCACTAATTCGAAAGTGACTTTTCTT,Circ_NF,#918f41
867,TGTATAACTGCGAAAAGTCTTTATAT,Circ_NF,#918f41
868,CGTGGAACGCTTAAGTAGGTTGAGGG,Circ_NF,#918f41
869,CCGCGAATACCGAACATGTTTGCTTG,Circ_NF,#918f41
870,CATACAATATCGAATTCGATTGGGTT,Circ_NF,#918f41
871,GTTACAATTTAGAACTGACTTAACCG,Circ_NF,#918f41
872,CAAGTAATACGGAATACATTTTGCTG,Circ_NF,#918f41
873,CGGCAAAATCGGAAGAGGTTTGGAGG,Circ_NF,#918f41
874,AGTTTAACTGTAAAAAGGATTTTTGTGG,Circ_NF,#918f41
875,CTCGTAATACAGAAGTGTTTTCAGCG,Circ_NF,#918f41
876,CGTAAAAGAAGCAATTTGCTTACCGG,Circ_NF,#918f41
877,AGTTAAACATGCAACACATTTAGTAT,Circ_NF,#918f41
878,AGCCAAATAAATAACCATATTCTGTT,Circ_NF,#918f41
879,GGTGCAAGCTTCAACTTCTTTTAAAA,Circ_NF,#918f41
880,AGGCAAATGTGGAACGGGGTTCGGGA,Circ_NF,#918f41
881,CTTCCAACCCGCAACCTTTTTCCTAC,Circ_NF,#918f41
882,CGACAAATACCTAAGTGATTTTAGGT,Circ_NF,#918f41
883,GGTCGAATTAGTAACCCGATTTATGG,Circ_NF,#918f41
884,ATCCAAATATCTAATGGCGTTGGAAT,Circ_NF,#918f41
885,TTAGGAAGAGTAAATTTGGTTCCTCA,Circ_NF,#918f41
886,TCCTTAACGGATAACTATGTTAACGT,Circ_NF,#918f41
887,GCGCTAACAATGAATAATCTTTGGCT,Circ_NF,#918f41
888,TATGTAACTTGGAATACGTTTCATTG,Circ_NF,#918f41
889,GAAATAAGATGAAATCAAGTTGACGC,Circ_NF,#918f41
890,ACGCTAACGAACAACATGTTTATGTT,Circ_NF,#918f41
891,ACAATAAATTCAAATTCTGTTATTGT,Circ_NF,#918f41
892,TCCACAAATCGTAACTATTTATGTG,Circ_NF,#918f41
893,AACTTAAAGTTTAATAGTGTTCCATC,Circ_NF,#918f41
894,GTGCTAACCAGGAAACTTGTTTCTGC,Circ_NF,#918f41
895,ATAGTAAAATACAAGAGTTTTCAAAA,Circ_NF,#918f41
896,AGAGTAACTCTTAATTGAATTAAGCC,Circ_NF,#918f41
897,AAAACAAGTCGGAAAATGATTCGCTA,Circ_NF,#918f41
898,GGGGGAAGTTTAAATGGTATTGCAGG,Circ_NF,#918f41
899,GATCTAAGTTATAACTAGGTTATTAC,Circ_NF,#918f41
900,ACGTTAATTTTAAATTGAATTGCGAA,Circ_NF,#918f41
901,GTATGAATAGAGAACTACGTTGGTGT,Circ_NF,#918f41
902,CTACGAAAAAGCAACGACATTTAAGG,Circ_NF,#918f41
903,AACCGAAGTACTAATAGCGTTGTGGA,Circ_NF,#918f41
904,TCGGAAAGCGAGAAGGGGGTTCCCGC,Circ_NF,#918f41
905,CTAATAATGATTAAGCGTTATTCT,Circ_NF,#918f41
906,TACTTAATTCTTAACCTCATTGTTCG,Circ_NF,#918f41
907,TGTTAAAAAGTCAACCATCTTTAGGA,SEvo_G,#780ca6
908,AGGCTAATTGCCAATGTTGTTCGTCG,SEvo_G,#780ca6
909,CTGTTAATGGGCAACAGGCTTGGAGG,SEvo_G,#780ca6
910,AAGATAAATAGTAAACGTGTTCCAGT,SEvo_G,#780ca6
911,GCGGTAATATCAAATCATGTTCTTGT,SEvo_G,#780ca6
912,GAGTAAAACCCGAAAGAGATTTTTTT,SEvo_G,#780ca6
913,ACCATAAACTCGAAGCGGTTTAGATG,SEvo_G,#780ca6
914,AACCAAAAATTTAACTAACTTAACCG,SEvo_G,#780ca6
915,GATGTAAGATGTAATACCGTTTAACC,SEvo_G,#780ca6
916,TGGTGAAATTCAAAGGTTATTTTTTG,SEvo_G,#780ca6
917,GCCACAAGCAAGAAGAGTGTTTACCC,SEvo_G,#780ca6
918,ATCAGAAGGGCTAAAGACATTTACAC,SEvo_G,#780ca6
919,TGCTAAAATTTTAAGTTTTTTAAGGC,SEvo_G,#780ca6
920,GCTCTAACAGAGAACGACGTTCAGGC,SEvo_G,#780ca6
921,TAGGTAATATCTAATATGGTTGTTTA,SEvo_G,#780ca6
922,ATCATAACTCGTAAACGCCTTATGCT,SEvo_G,#780ca6
923,GCCTAAATGCCAAAACAGGTTGGTGG,SEvo_G,#780ca6
924,ATTAAAAACGGAAAAAGGATTTGATC,SEvo_G,#780ca6
925,GGAGCAACTAGTAACAGTATTTTTCC,SEvo_G,#780ca6
926,TGTTCAAGTGTGAATAGGTTCTAGA,SEvo_G,#780ca6
927,AGTCTAACAGCAAACAATGTTTGGAA,SEvo_G,#780ca6
928,ATATTAAAAGGAAAACAGGTTTATGA,SEvo_G,#780ca6
929,TCATGAACTTACAATTTATTTCACGA,SEvo_G,#780ca6
930,CAATCAACCTAAAAACGTTTTGAGCA,SEvo_G,#780ca6
931,TCATAAATCCTTAAATCGTTTAATCT,SEvo_G,#780ca6
932,GAGGAAAAATGGAAAGGTTTTTTAAA,SEvo_G,#780ca6
933,TGCACAACAAAAAAACGCCTTTCCAC,SEvo_G,#780ca6
934,ACGAAAATTTTAAAACGCCTTACCCG,SEvo_G,#780ca6
935,TTGACAAAGTGCAAGGACGTTTCGTG,SEvo_G,#780ca6
936,CGCCTAAAGCGCAATAAATTTGCAAC,SEvo_G,#780ca6
937,AGATTAAACGCAAATTTCGTTGTAGT,SEvo_G,#780ca6
938,ACAACAATCAGTAATTAGCTTAGACC,SEvo_G,#780ca6
939,ACTACAATGCGTAACTCGTTTTGTTT,SEvo_G,#780ca6
940,AATCTAATAATCAAGGGAATTTCAGT,SEvo_G,#780ca6
941,ACATCAATCTGGAATGATGTTGTGAT,SEvo_G,#780ca6
942,TCAGGAAATAAGAAAGGGCTTGGCAA,SEvo_G,#780ca6
943,TGACTAATCAGTAATACATTTGATTT,SEvo_G,#780ca6
944,TGTCGAACTCCGAATTTTCTTGTGAT,SEvo_G,#780ca6
945,AATAGAAACACCAAGCCCTTTATTGT,SEvo_G,#780ca6
946,AGCTAAAAACTAAAGGGGCTTGCATG,SEvo_G,#780ca6
947,ATGCTAACCTTTAAATTATTTGCAGT,SEvo_G,#780ca6
948,CAAGTAATAAAAAAATTCATTGGGGT,SEvo_G,#780ca6
949,GTACTAAGCATCAAAACGGTTTATTC,SEvo_G,#780ca6
950,TGAACAACGGAGAATGCATTTCGTTT,SEvo_G,#780ca6
951,TGAGCAATAAAAAAGCATGTTTAATA,SEvo_G,#780ca6
952,TGTACAACATTAAAACAAGTTGGCAC,SEvo_G,#780ca6
953,CTGAGAAATTCGAATGAAATTCCATT,SEvo_G,#780ca6
954,TTGACAAAGTGTAATTGTGTTAGGGT,SEvo_G,#780ca6
955,TGTAAAAGAAGCAACCTGATTTCCTT,SEvo_G,#780ca6
956,TGTTAAAATCGGAATCTTCTTATGCT,SEvo_G,#780ca6
957,GTGGAAATGGGGAATGCGGTTCGTCG,SEvo_GN,#918f41
958,ATCGGAAGACTTAATTTTATTTTTAT,SEvo_GN,#918f41
959,TAAAAAACAGAAAACGTCCTTTTAAA,SEvo_GN,#918f41
960,GTCATAACTAGAAATAAGTTTCGTAC,SEvo_GN,#918f41
961,AGAATAACATAGAACAGGGTTGATGG,SEvo_GN,#918f41
962,ATGACAAGCTGAAAGACCCTTTGGGG,SEvo_GN,#918f41
963,ATATTAATCGGCAACCGCTTGTATA,SEvo_GN,#918f41
964,GGATGAAAGTCCAAGGGCTTTTCGTG,SEvo_GN,#918f41
965,TGTAAAAAGATTAAAGATGTTTGGCC,SEvo_GN,#918f41
966,TCCCCAACTTGTAAAATTTTTCCGAT,SEvo_GN,#918f41
967,TTTTTAAGGAAAAACTATCTTGTGGA,SEvo_GN,#918f41
968,ATTCAAACGTGTAACGGTCTTATATC,SEvo_GN,#918f41
969,GTTAGAACAGGGAAATGAATTATCTC,SEvo_GN,#918f41
970,CCGATAATACTCAAACGCCTTGATCC,SEvo_GN,#918f41
971,GACTTAATTAATAAAACGCTTATCTC,SEvo_GN,#918f41
972,AACTAAATGCGAAAAGTGGTTAAAAC,SEvo_GN,#918f41
973,GTGAAAACAGGCAATGCCCTTTGTCA,SEvo_GN,#918f41
974,TACATAAATCAGAAATCGCTTACTCA,SEvo_GN,#918f41
975,ACGTGAAAAGGAAAGCAGATTGGTAA,SEvo_GN,#918f41
976,AGAAAAACTTTTAAAAGCTTTCTATG,SEvo_GN,#918f41
977,GCAGGAACGGTTAACCAGGTTCAGTT,SEvo_GN,#918f41
978,GGTGGAAGATGCAATGGGCTTCGGGA,SEvo_GN,#918f41
979,TTAGCAATCTGTAACGGTTTTCAGTG,SEvo_GN,#918f41
980,AGTATAACTGGCAAAATCTTTCTGCA,SEvo_GN,#918f41
981,GCCTGAAATAACAAAAACTTTAATGC,SEvo_GN,#918f41
982,ATCAAAATGAAGAATTCCTTTGATCC,SEvo_GN,#918f41
983,GTATGAATCTTAAATCTGGTTTGGCA,SEvo_GN,#918f41
984,TCAGTAACAGATAAGAACTTTGTCGC,SEvo_GN,#918f41
985,TCGCTAAAGTATAATAACATTCCCCC,SEvo_GN,#918f41
986,TGAAAAAGAGTTAAGTGCTTTGTTAA,SEvo_GN,#918f41
987,TGTCAAATATTAAAGTACTTTTAGCG,SEvo_GN,#918f41
988,AAGGTAATTTGAAAACTTGTTCTCAA,SEvo_GN,#918f41
989,CGCAGAAGCGAGAATAGCTTTCAACG,SEvo_GN,#918f41
990,CTCAAAAAACCTAAGGTTTTTTCGGT,SEvo_GN,#918f41
991,GCTCAAATGCTGAAACCCGTTTACAC,SEvo_GN,#918f41
992,GCTTGAACTTTAAAGTTGTTTTTTTG,SEvo_GN,#918f41
993,TACGTAAAGGTGAAACGCTTTTGTCG,SEvo_GN,#918f41
994,TATATAACATAGAATACTATTCATAA,SEvo_GN,#918f41
995,TTGCAAACTGGAAACACTTTTTATAT,SEvo_GN,#918f41
996,AAATGAATCTCCAATTAACTTCAGTG,SEvo_GN,#918f41
997,CAGTTAATTTTAAATCAAGTTAATTG,SEvo_GN,#918f41
998,GTTTCAAAGGATAAGGGAATTCAGAA,SEvo_GN,#918f41
999,ATTCAAACTATTAACGCATTTTAGCT,SEvo_GN,#918f41
1000,TAGCTAAATGTTAAATTGTTTTGTTT,SEvo_GN,#918f41
1001,TCGAAAATTGGAAATGGCATTAGTCG,SEvo_GN,#918f41
1002,AAGCAAAACGTCAAGGGGATTTTTGA,SEvo_GN,#918f41
1003,AGAATAACAGTGAACATATTTATGAT,SEvo_GN,#918f41
1004,CCAGCAAAGGGTAACAGTTTTGGAAT,SEvo_GN,#918f41
1005,CTATCAAGTTATAATGCTATTCAGGT,SEvo_GN,#918f41
1006,GCAAGAATGCCTAATTTATTTTAATT,SEvo_GN,#918f41
1007,ACTGTAAAATAGAAGGACTTTTTCAT,SEvo_Gal,#05ab58
1008,AACCAAAGTTGAAATAGAATTGGTTT,SEvo_Gal,#05ab58
1009,ACTTGAAACTATAAAGCCCTTTGTGA,SEvo_Gal,#05ab58
1010,ACGTGAATAGCCAAAGGCGTTTGACG,SEvo_Gal,#05ab58
1011,ATTATAACGCTGAACGGACTTGCCAC,SEvo_Gal,#05ab58
1012,GATTCAACCTTGAATGTATTTTAGCT,SEvo_Gal,#05ab58
1013,ATCCCATTTAAAATAGACTTTTACA,SEvo_Gal,#05ab58
1014,ACTCTAAAATTAAAGACATTTAAATC,SEvo_Gal,#05ab58
1015,GCGTTAATATAAAATATGTTTATTTC,SEvo_Gal,#05ab58
1016,AAGGCAACAATCAAGAGGGTTCGGAC,SEvo_Gal,#05ab58
1017,ACGACAAATCTAAAGGGCATTAGGCC,SEvo_Gal,#05ab58
1018,GTTCAAATTGAAAAGTTGCTTTCTGC,SEvo_Gal,#05ab58
1019,AGGCTAAGTCAAAATGTTGTTGAACG,SEvo_Gal,#05ab58
1020,GATCTAATTCTCAAGTCCATTACTGG,SEvo_Gal,#05ab58
1021,ATTTCAACACTGAAGCGTGTTATGCA,SEvo_Gal,#05ab58
1022,TTGGGAAGATGTAAGTCTCTTGTTTA,SEvo_Gal,#05ab58
1023,GTCTCAAGTAGTAAACCATTTAAGAT,SEvo_Gal,#05ab58
1024,TTAATAAGGGCAAAAATGATTCTAGC,SEvo_Gal,#05ab58
1025,ACTTTAATTTGGAATTCTGTTTGATG,SEvo_Gal,#05ab58
1026,ATTCAAACGAATAAAATAATTAATAA,SEvo_Gal,#05ab58
1027,AGTAAAATGGACAAAAGATTTGTACG,SEvo_Gal,#05ab58
1028,ATACAAATATGTAAAAGTCTTTATTT,SEvo_Gal,#05ab58
1029,CATATAAGGTCGAAAGCAGTTAATGT,SEvo_Gal,#05ab58
1030,CACTCAATATGTAAGACAATTGCGGA,SEvo_Gal,#05ab58
1031,GCGCTAATAGTCAATTCATTTAACCT,SEvo_Gal,#05ab58
1032,ATTTCAACAGAGAACGTCATTAGTAA,SEvo_Gal,#05ab58
1033,CAAACAAAGCCCAATGATTTTCGTCA,SEvo_Gal,#05ab58
1034,ATTCGAAATTAAAAAGGACTTATTGC,SEvo_Gal,#05ab58
1035,ATCAGAAGTGAAAAGTGTGTTCATTC,SEvo_Gal,#05ab58
1036,AATGCAATTTTTAATGCTTTTGCCCA,SEvo_Gal,#05ab58
1037,TAAATAATATGAAAACGCTTTATTCT,SEvo_Gal,#05ab58
1038,TCGCCAAACCTGAAAATGATTGTCCC,SEvo_Gal,#05ab58
1039,ATACCAATAGTAAATAGGGTTAGAGA,SEvo_Gal,#05ab58
1040,CTTGAAATACACAATGCCTTTTCAGA,SEvo_Gal,#05ab58
1041,AACCTAACTAAAAAATGTTTGCGGC,SEvo_Gal,#05ab58
1042,CTGATAACGCTGAACTTTGTTATCTT,SEvo_Gal,#05ab58
1043,CTTTTAACCATTAAGGGCTTCGGAC,SEvo_Gal,#05ab58
1044,TACCCAAAACTAAAATTGCTTTATAA,SEvo_Gal,#05ab58
1045,CGTTCAACCGCAAAAGGCGTTGAATT,SEvo_Gal,#05ab58
1046,AGGGGAAGGGATAATATCTTTACTCT,SEvo_Gal,#05ab58
1047,ACCGCAAGAGACAACATGCTTCGCCA,SEvo_Gal,#05ab58
1048,ACCACAAGCTCTAAACTGTTTCAGGC,SEvo_Gal,#05ab58
1049,TTCTTAAAAGTGAACGGGGTTGGGGG,SEvo_Gal,#05ab58
1050,TAAATAAAAGAAAAAGCGCTTTGTAT,SEvo_Gal,#05ab58
1051,ACTGGAAATTTAAAGAGATTTTCGGT,SEvo_Gal,#05ab58
1052,GCGACAAACATAAAGAAAGTTTATTC,SEvo_Gal,#05ab58
1053,ACCATAACAAATAATAACATTCTAAA,SEvo_Gal,#05ab58
1054,CCAAGAAGGTCCAATGTGTTTAACTT,SEvo_Gal,#05ab58
1055,CGAGGAAGCGTGAATGGGTTTGGGGA,SEvo_Gal,#05ab58
1056,TAAACAACAGATAAGTGTTTGCAGG,SEvo_Gal,#05ab58
1057,GGGTTAACGGTAAAATGGTTTATGTT,SEvo_GalF,#539172
1058,AGATGAACAAGTAATGTGGTTACGGC,SEvo_GalF,#539172
1059,TCGGCAAGTTACAATGGTTTTCTCTA,SEvo_GalF,#539172
1060,TCTCGAAAGTGGAAGAGAATTCGTTA,SEvo_GalF,#539172
1061,TAATAAAACGCGAAAGTAGTTTCATA,SEvo_GalF,#539172
1062,CTGTTAAGTTCAAAGTGGATTGAAGC,SEvo_GalF,#539172
1063,AAGGCAAGAGAAAATTGATTTGGCGA,SEvo_GalF,#539172
1064,CATATAAACTGTAAACTTATTTCCGG,SEvo_GalF,#539172
1065,AAGGGAAATGATAACAATGTTTGTAC,SEvo_GalF,#539172
1066,GCCTCAAACGTTAAGGCATTTGAAGG,SEvo_GalF,#539172
1067,TTACCAATTTTCAATAACCTTTAATG,SEvo_GalF,#539172
1068,ATTACAAGTATCAAAGCATTTGTATG,SEvo_GalF,#539172
1069,CATTCAAGATAAAATGGCCTTCTACG,SEvo_GalF,#539172
1070,AAGGGAAATCGAAAGACAGTTTCTGC,SEvo_GalF,#539172
1071,CCCTAAAGCATAAAATTTCTTAGTCT,SEvo_GalF,#539172
1072,ATGATAAAGGGAAAAGAAATTGAAAA,SEvo_GalF,#539172
1073,AATAGAACGATAAAAAGGTTTAAAGA,SEvo_GalF,#539172
1074,ACCGGAAGAGGCAAACTGGTTTGGTG,SEvo_GalF,#539172
1075,AAGCAAACCTACAAAACTGTTAGGTA,SEvo_GalF,#539172
1076,GGTATAAGTCTAAACTAGGTTACCGC,SEvo_GalF,#539172
1077,GAGTTAAAATTCAAAATTTTTAATCG,SEvo_GalF,#539172
1078,TCACAAAGCCTCAATCGCTTTCCGGA,SEvo_GalF,#539172
1079,AAAATAAGCTATAAGAAGTTCAACA,SEvo_GalF,#539172
1080,GCGATAACAAAAAAGCAAATTCGGTG,SEvo_GalF,#539172
1081,GCCATAAGGATCAACAATGTTGTGGA,SEvo_GalF,#539172
1082,AAAAAAACTACTAACGACTTTCATAA,SEvo_GalF,#539172
1083,GCAGTAAAACAAAAATGCCTTATACA,SEvo_GalF,#539172
1084,ACTGAAACCTAGAACGCTGTTGAATA,SEvo_GalF,#539172
1085,GTCCTAATCCAAAATGCATTTTCGC,SEvo_GalF,#539172
1086,ATCACAATATCAAAGCACCTTATAAC,SEvo_GalF,#539172
1087,GTTCAAATGATTAAAGACTTTTCTTA,SEvo_GalF,#539172
1088,AACATAATCGTTAATTTTTTTACAAT,SEvo_GalF,#539172
1089,AGAACAATCTTCAAGGTCGTTTTGGG,SEvo_GalF,#539172
1090,TTCTGAAGTCACAATGAAATTGCCCT,SEvo_GalF,#539172
1091,GAATTAAACATAAACAATATTATTTA,SEvo_GalF,#539172
1092,TACGTAACCCACAACGTATTTGCAAG,SEvo_GalF,#539172
1093,TATTCAACTGATAATAACTTTGGTGT,SEvo_GalF,#539172
1094,AGCAGAAGAATGAAGTCTGTTTTACG,SEvo_GalF,#539172
1095,CAGAGAAGAATTAAATGTGTTAAGTT,SEvo_GalF,#539172
1096,CTGTGAACGCAGAAGGCCTTTGCACG,SEvo_GalF,#539172
1097,AGATAAAAATGAAAGGGAGTTACCGG,SEvo_GalF,#539172
1098,ATTGAAACGATTAAAAGGTTTGTTTG,SEvo_GalF,#539172
1099,TGTTTAATTTTGAATTGTTTTATTGC,SEvo_GalF,#539172
1100,TTGTAAATAGATAAATATATTGGCTT,SEvo_GalF,#539172
1101,ACTAAAACAGTCAATGTGGTTCACAT,SEvo_GalF,#539172
1102,TCCTAAATAAAAAAAGTTGTTATACA,SEvo_GalF,#539172
1103,TTACCAACAAGAAAGGAATTTTCAAT,SEvo_GalF,#539172
1104,ATTGAAAGAATAAACTTTATTTGGGT,SEvo_GalF,#539172
1105,CTTAAAACAGGAAATACTGTTTTAAA,SEvo_GalF,#539172
1106,GACCCAAGAGTTAATGGGTTTGGAGG,SEvo_GalF,#539172
1107,AGATCAAAACGCAAGAGATTTATTAA,SEvo_N,#bdba0f
1108,AAGGGAAAATGGAATAATATTCTTCT,SEvo_N,#bdba0f
1109,ACGTAAACGTTGAAGTTCGTTTTGGT,SEvo_N,#bdba0f
1110,CACACAAGTAGCAAAAAATTTTACG,SEvo_N,#bdba0f
1111,CTACAAATCAACAAATGTTTTATCTT,SEvo_N,#bdba0f
1112,GCTCTAATCAAAAAATCGATTAGCTT,SEvo_N,#bdba0f
1113,TATGGAAAACCAAAGTATATTGATAC,SEvo_N,#bdba0f
1114,AATTGAATAGAGAAAAATATTAGATG,SEvo_N,#bdba0f
1115,TGTAGAAATTCGAAGCGAATTGTGGT,SEvo_N,#bdba0f
1116,TCAGCAAACAATAAATGGCTTACTGG,SEvo_N,#bdba0f
1117,TCAGAAATTGCCAAAACACTTTTCTC,SEvo_N,#bdba0f
1118,AGTTCAATATCCAAGAAGTTTACCAA,SEvo_N,#bdba0f
1119,GCTTTAACCGAAAACGCATTTGACAG,SEvo_N,#bdba0f
1120,GGGGCAAGCTATAAATGTGTTTAAGG,SEvo_N,#bdba0f
1121,TTTAGAACCGGAAACTCAGTTCGTGT,SEvo_N,#bdba0f
1122,CACTTAAATGTCAAAGGTTTTTAATT,SEvo_N,#bdba0f
1123,TGGTAAACCGTAAACAGTTTTGGGGC,SEvo_N,#bdba0f
1124,CTGTCAAACTTTAATATCTTTTTTTG,SEvo_N,#bdba0f
1125,CAGTGAAATATTAAAGAGTTTCACCA,SEvo_N,#bdba0f
1126,AAACCAAGATTGAATGACTTTTAAGG,SEvo_N,#bdba0f
1127,AGCATAAACCCGAAAAGTGTTGGTTT,SEvo_N,#bdba0f
1128,ACTTCAAAAGGAAAACGTCTTGACAA,SEvo_N,#bdba0f
1129,TATAAAAATGGGAACTAGTTTGAGGC,SEvo_N,#bdba0f
1130,CACGAAACTGGTAACCACGTTTGCCC,SEvo_N,#bdba0f
1131,GGTAAAAAAGAAAACACTATTGGCTC,SEvo_N,#bdba0f
1132,ATATAAACTTTTAAGAAGATTTCAAA,SEvo_N,#bdba0f
1133,CCCAGAACCTTGAAAAGCGTTAGGCA,SEvo_N,#bdba0f
1134,ATTTGAACTTAGAAAGGCGTTAGGCT,SEvo_N,#bdba0f
1135,AAACTAACACACAACTCTATTCTGAC,SEvo_N,#bdba0f
1136,TTCTGAATACTTAACTGTCTTGAGGC,SEvo_N,#bdba0f
1137,TATAGAATTCAGAATTAACTTAAGAT,SEvo_N,#bdba0f
1138,TGTTCAACCAACAAAAGTGTTGAGTG,SEvo_N,#bdba0f
1139,GTAATAACAGTTAATTATCTTACCAC,SEvo_N,#bdba0f
1140,TGAGTAATCCTCAAATCAATTGGGCC,SEvo_N,#bdba0f
1141,GAACTAATTTACAAAGCGCTTATCGT,SEvo_N,#bdba0f
1142,GTCATAAAGTGTAAGCTAGTTACCAT,SEvo_N,#bdba0f
1143,TGGACAAGTCGAAAATTTTTTTATGA,SEvo_N,#bdba0f
1144,GTTACAAAACTGAACGCACTTACGTG,SEvo_N,#bdba0f
1145,GGATTAAATGAGAATTTATTTGAGTG,SEvo_N,#bdba0f
1146,CGCAGAAGGGCCAACGATTTTTTGTG,SEvo_N,#bdba0f
1147,CTTCCAACCGTGAAAAGACTTGCT,Circ_L,#055deb
1148,CTTTTAACATGCAATACTGTTTGTGC,Circ_L,#055deb
1149,CACTAAATACGAAAACATCTTTTCCC,Circ_L,#055deb
1150,AAGTAAAACTTTAATTAAATTCTGTA,Circ_L,#055deb
1151,AGGGAAACTGGAAATCGACTTAAGCA,Circ_L,#055deb
1152,GCCGTAAGTTTTAAATTTTTTCTGGC,Circ_L,#055deb
1153,TACTCAAATTAAAATCTGTTTAGCCC,Circ_L,#055deb
1154,TGCAGAACGGTCAAGGGGGTTCTTGT,Circ_L,#055deb
1155,TTCGCAATCTGGAATGGAGTTGGCGG,Circ_L,#055deb
1156,ACTGTAATAATTAATCGACTTGAAAC,Circ_L,#055deb
1157,AAGGGAAATGTGAATCACGTTCAACA,Circ_L,#055deb
1158,ATTTCAACTTCTAATGCGTTTCACAG,Circ_L,#055deb
1159,GTTATAATTCATAACACGGTTTGCTG,Circ_L,#055deb
1160,AAATCAATAAACAAATGGGTTCGTCT,Circ_L,#055deb
1161,TGTTTAATGTCAAAACTTATTAGGTG,Circ_L,#055deb
1162,CGGCTAAGAGGCAAGAGGATTCGTCG,Circ_L,#055deb
1163,CATATAATGGATAATATGTTTACTTG,Circ_L,#055deb
1164,ATCTCAAGAGGAAAGCTCGTTCCCAT,Circ_L,#055deb
1165,AGCCTAACATGGATATCTTATAGG,Circ_L,#055deb
1166,TATCCAAAAAGCAAGGAGGTTCTGGT,Circ_L,#055deb
1167,CACATAATTTATAATGAACTTGCTTG,Circ_L,#055deb
1168,GGGTCAATTAGGAAGCATTTTGTTTT,Circ_L,#055deb
1169,CCGATAACGTAAAACATCCTTCGAGC,Circ_L,#055deb
1170,GAGCCAAACTTCAAGTCGTTTTCATG,Circ_L,#055deb
1171,GCATCAATTGTTAAAATACTTGCGTT,Circ_L,#055deb
1172,TCTGGAAGGATAAACCAGGTTGTTGG,Circ_L,#055deb
1173,AGCCAAATTTGGAAGCGGGTTGAGGG,Circ_L,#055deb
1174,CCGCGAATTGTCAATATACTTTCAAC,Circ_N,#bdba0f
1175,TTATAAATACTGAAACGAGTTTAAAG,Circ_N,#bdba0f
1176,GTAGCAATGTTTAATTTAGTTCGAGT,Circ_N,#bdba0f
1177,GTCCGAAACCTTAAGGTGTTTTTGTA,Circ_N,#bdba0f
1178,GTATCAACTTGCAACAACATTTATGA,Circ_N,#bdba0f
1179,GCGGCAAAGGGCAAGCGGGTTGTGTC,Circ_N,#bdba0f
1180,CTGACAACTGCAAATTTCGTTTGTAC,Circ_N,#bdba0f
1181,ACATTAATGATTAATCCCTTTTGTGT,Circ_N,#bdba0f
1182,CAAATAATACAAAACTAAGTTTTCTC,Circ_N,#bdba0f
1183,TTATTAATAATTAAGGTATTTAATGT,Circ_N,#bdba0f
1184,ACCACAAGTCACAAGTAGATTAATTA,Circ_N,#bdba0f
1185,CGTTAAACGCGAAATGGATTTTGATA,Circ_N,#bdba0f
1186,ACCCCAAAAGCAAAGTATCTTATAGG,Circ_N,#bdba0f
1187,GGTGAAATAATAAACACAGTTCTCGG,Circ_N,#bdba0f
1188,ATTATAACACGTAACTTAGTTCGGTA,Circ_N,#bdba0f
1189,CGTACAAATTCCAAGACAGTTATGAG,Circ_N,#bdba0f
1190,ATCATAACTTATAAATCTCTTTTATT,Circ_N,#bdba0f
1191,GGTCCAACAACTAATTCAATTTGTTC,Circ_N,#bdba0f
1192,ATTTCAATAGTAAATTGATTTTTTAT,Circ_N,#bdba0f
1193,GCTAGAACCCGAAAATGGTTTACATG,Circ_N,#bdba0f
1194,ACACCAAAATTCAAGCCTATTTGTAC,Circ_H,#fa0505
1195,TTTGTAAATCGTAATTTGATTGGATT,Circ_H,#fa0505
1196,TGCACAATCTTAAATGTGGTTGGTT,Circ_H,#fa0505
1197,GCTGAAAAGTTGAACCCAGTTTTTTG,Circ_H,#fa0505
1198,TCGTCAATAATCAAATTTGTTTGCAA,Circ_H,#fa0505
1199,AGGAGAACTCGGAATAAGGTTATTTA,Circ_H,#fa0505
1200,GACAAAAGTACAAACGTTGTTAAGCC,Circ_H,#fa0505
1201,GACTCAATGCGTAAAGTACTTCGACG,Circ_H,#fa0505
1202,TTCACAATGATCAAATATATTTATGC,Circ_H,#fa0505
1203,TAGCAAAAAGTAAACGCCTTTTGTAA,Circ_H,#fa0505
1204,AAATCAACTGCCAACAATCTTGATTG,Circ_H,#fa0505
1205,TTACTAAATAAAAAGGGCGTTGAAAA,Circ_H,#fa0505
1206,TTACAAATCCTAAAGTACATTTCGGT,Circ_H,#fa0505
1207,ATTTAAAATATTAATATATTTAACAG,Circ_H,#fa0505
1208,CTAATAATTGTAAAGATCATTAATCT,Circ_H,#fa0505
1209,ATTTAAATTGCAAATAGTTTTTTGGA,Circ_H,#fa0505
1210,ATGAAAAACATTAAATCTCTTGGTTC,Circ_H,#fa0505
1211,GTGGAAATCACTAAGGTTCTTGTAAT,Circ_A1,#f569e2
1212,ATTAAAACGGCTAATCTCTTTTACCA,Circ_A1,#f569e2
1213,GGGCAAACCGGTAACGGGGTTTGGGAA,Circ_A1,#f569e2
1214,AACAAAAATCGGAAGACGCTTCTCAT,Circ_A1,#f569e2
1215,TAGGGAATCAATAACGATTTTAGACA,Circ_A1,#f569e2
1216,TGCTGAACATGGAAACCAATTGTTTG,Circ_A1,#f569e2
1217,CTTCGAATACGCAAGGTCGTTCCGTC,Circ_A1,#f569e2
1218,AGACAAAGGATAAAGGCGTTTGGTAA,Circ_A1,#f569e2
1219,TTTTGAAATGGAAAATACTTTTGAGC,Circ_A1,#f569e2
1220,AATGCAACGTGGAAGGCGCTTTCTTG,Circ_A1,#f569e2
1221,CATACAATAGAAAATCTTTTTTGATC,Circ_A2,#f569e2
1222,GGATAAAATATGAACGGTCTTGGTTG,Circ_A2,#f569e2
1223,ATGAAAAGTTTCAAATGGTTTTGTTA,Circ_A2,#f569e2
1224,CTCAGAATATAAAAATCGCTTCACAC,Circ_A2,#f569e2
1225,TATACAATTGTTAACAGTGTTATGGA,Circ_A2,#f569e2
1226,CCGCGAAGCGAGAAAGGGATTAGGCG,Circ_A2,#f569e2
1227,TATACAATACGTAAGCTTGTTTATCT,Circ_A2,#f569e2
1228,ACATTAACAAATAATTTTTTTCACCG,Circ_A2,#f569e2
1229,GCACCAAAAATTAAAAATGTTACTTT,Circ_A2,#f569e2
1230,GTTGTAATATGTAAATAGTTTCTAA,Circ_A2,#f569e2
1231,TTTAAAAACATAAACCTTCTTTCCAG,Circ_B1,#630757
1232,CATAGAAACCAAAATTCTATTTGGTC,Circ_B1,#630757
1233,GACCCAACTAAGAAGATTTTTATGTT,Circ_B1,#630757
1234,TAATAAATAGATAATGGTATTAGTAC,Circ_B1,#630757
1235,GCGACAACACTGAAGTTTCTTGGAAT,Circ_B1,#630757
1236,ATGTAAAAGCATAATGCGGTTTCGCA,Circ_B1,#630757
1237,CCTTCAATACTCAACGGACTTATTTG,Circ_B1,#630757
1238,GGACCAACACAGAAGACCTTTCCACT,Circ_B1,#630757
1239,ATGCCAAGATTAAACGATTTTCAAGCG,Circ_B1,#630757
1240,GCTCGAAAAGGTAATGATATTTTGGC,Circ_B1,#630757
1241,TATTGAACAATGAACGACTTTGCTTG,Circ_B2,#630757
1242,GATACAATCAACAAGCACCTTTCGAT,Circ_B2,#630757
1243,ACTATAAACACCAAAGTGTTTGTAA,Circ_B2,#630757
1244,CACATAAGAGACAACTTTTTTTTGAT,Circ_B2,#630757
1245,AACCTAATAACAAAATAAGTTTCCTC,Circ_B2,#630757
1246,ATGGTAAAAAATAATTTTCTTGTGTC,Circ_B2,#630757
1247,GATTAAATCATTAAGTGGCTTTTGTC,Circ_B2,#630757
1248,CAGATAAAATTTAAGCATGTTATTAG,Circ_B2,#630757
1249,TTTAGAATTTATAACATCATTTATCT,Circ_B2,#630757
1250,CGATTAATACGAAACAATTTTTTGGA,Circ_B2,#630757
1251,CTATTAAGCGGCAAAGTTCTTAATAT,Circ_G,#780ca6
1252,TAAGTAAAATTTAAATGATTTGTAAA,Circ_G,#780ca6
1253,TATGAAAAACATAAGGTAGTTTGCCT,Circ_G,#780ca6
1254,GTGCTAACTTTAAACTTTTTTTCCGT,Circ_G,#780ca6
1255,CATCTAAACTTGAATTGTCTTCAGGA,Circ_G,#780ca6
1256,TATCGAAGTTGGAAGATCCTTTACTG,Circ_G,#780ca6
1257,AACACAAGCCTAAAATAGCTTTTACA,Circ_G,#780ca6
1258,GACACAAATAATAATCACTTTATCAG,Circ_G,#780ca6
1259,TTTGCAAATAATAATATGGTTTTAAG,Circ_G,#780ca6
1260,AGGGCAATTTCTAACATCGTTACTAC,Circ_G,#780ca6
1261,TGTCTAAAAACTAAGATCGTTCCGAC,Circ_HF1,#db8686
1262,TTGATAATTAATAAATGATTTTAATG,Circ_HF1,#db8686
1263,CATCGAATGATTAATCATTTTTGTCT,Circ_HF1,#db8686
1264,AGAAAAATCGAAAAATTCGTTTACAG,Circ_HF1,#db8686
1265,CATTAAATGTCAAATCTTGTTTTAGT,Circ_HF1,#db8686
1266,TACATAAAAATTAAATGTGTTGGATT,Circ_HF1,#db8686
1267,ACAATAAATCAGAAAATGCTTTTCTC,Circ_HF1,#db8686
1268,GTGTGAAGCAGTAAATCCGTTTGGGT,Circ_HF1,#db8686
1269,TCAAAAACAGTAAATTAAGTTTCATA,Circ_HF1,#db8686
1270,ATATTAAATAGCAAAGATCTTCATCG,Circ_HF1,#db8686
1271,TAAAAAATCCAAAAGTTTCTTGATGA,Circ_HF2,#db8686
1272,ATTCAAAATACAAAAAACCTTGTCTC,Circ_HF2,#db8686
1273,AGTAAAACTTCGAACTAAGTTTCATG,Circ_HF2,#db8686
1274,AGGGGAAAGCGGAAAAGGGTTTCTTC,Circ_HF2,#db8686
1275,TCATTAAACTTAAATGGATTTATCAG,Circ_HF2,#db8686
1276,TCTAGAATATGTAATAGTTTTAAGGC,Circ_HF2,#db8686
1277,GGTAAAATCTCTAAGTTTCTTGATTC,Circ_HF2,#db8686
1278,TCTATAAAAAGGAAACGCCTTTTTAG,Circ_HF2,#db8686
1279,TGAATAAAAAGTAAGCATTTTAGTAA,Circ_HF2,#db8686
1280,TTACAAAAATTGAATGCACTTAAATA,Circ_HF2,#db8686
1281,ACAGTAAATAACAATGATGTTTATCA,Circ_HN1,#f59c05
1282,GAAGAAAGATACAAGTAGGTTGATCG,Circ_HN1,#f59c05
1283,ACCGAAAACCGTAACCTCGTTTTTAA,Circ_HN1,#f59c05
1284,GTGCTAACCGGTAACGTAATTTGAGG,Circ_HN1,#f59c05
1285,TGGTTAACTAGGAATTAGATTTCGGT,Circ_HN1,#f59c05
1286,ACTCAAAAAAGCAAAAGCGTTCGAAT,Circ_HN1,#f59c05
1287,AGCGGAATTTAGAATGAATTTGAGAG,Circ_HN1,#f59c05
1288,ATCGAAAACTAAAAAACTCTTTAGTG,Circ_HN1,#f59c05
1289,GTTTCAACAGTCAATAAGGTTATCCA,Circ_HN1,#f59c05
1290,TGGCAAAAGACGAAACCATTTTCGAA,Circ_HN1,#f59c05
1291,ACTATAAAATTCAAATCAATTGGTAC,Circ_HN2,#f59c05
1292,ATGCGGAAGCGGGAAGGCGCTTTGCGA,Circ_HN2,#f59c05
1293,TTGTCAATTCACAAATAACTTGACGT,Circ_HN2,#f59c05
1294,GGGTCAACACCAAATTGAATTTTTCG,Circ_HN2,#f59c05
1295,GGGTAAATATAGAAGTTCGTTTACAG,Circ_HN2,#f59c05
1296,TAGAGAATAAATAATAAAGTTTCGAC,Circ_HN2,#f59c05
1297,ATTATAAGGAAAAAATATTTTGCTTT,Circ_HN2,#f59c05
1298,CATGAAATCCGTAAAATCGTTATCGA,Circ_HN2,#f59c05
1299,TGTAAAAGACTGAAATTGCTTCACTT,Circ_HN2,#f59c05
1300,CTTCGAAAAGGGAATCACATTTTGTA,Circ_HN2,#f59c05
1301,CTGTGAAACATAAACTAATTTGATTA,Circ_L,#055deb
1302,TGTACAACTATGAAAAGTTTTCATCC,Circ_L,#055deb
1303,AAACCAAGTTTCAATGCACTTCGGAT,Circ_L,#055deb
1304,TTAGAAACTGTGAATATCTTTAGAAT,Circ_L,#055deb
1305,AGCTAAATAGCAAACGTCCTTTACAG,Circ_L,#055deb
1306,ACAGTAAATACGAACAATTTTGTTAA,Circ_L,#055deb
1307,TGATTAAAAAATAATACACTTGAGTT,Circ_L,#055deb
1308,ATTACAACAGGTAAGCAATTTTTATA,Circ_L,#055deb
1309,ACTCTAAAAACTAACAAAGTTAGAGG,Circ_L,#055deb
1310,AGAGTAAAGGCTAAGTATTTTCGGGT,Circ_L,#055deb
1311,ACTCGAATCGAAAAACCTTTTTTATG,Circ_LF1,#5d7db0
1312,CTCCCAATAGACAACAGAGTTTGAGT,Circ_LF1,#5d7db0
1313,GAGCGAACCTAAAATTTTGTTCTTAT,Circ_LF1,#5d7db0
1314,GTTGGAAGAGTCAAATGTGTTATAAC,Circ_LF1,#5d7db0
1315,CCGCGAATCCCTAATCATATTATACG,Circ_LF1,#5d7db0
1316,AATAAAATCATTAACATGCTTGTCAC,Circ_LF1,#5d7db0
1317,AGCGTAATAGCAAATAGACTTCAAT,Circ_LF1,#5d7db0
1318,TCCCTAAATAAAAAATCGATTTCATC,Circ_LF1,#5d7db0
1319,ACAGCAAAGGGCAACGCTGTTGGTTA,Circ_LF1,#5d7db0
1320,CAAGGAAATAACAATCTTTTTCTAGT,Circ_LF1,#5d7db0
1321,AGGAGAACATGGAAATGTGTTATAAA,Circ_LF2,#5d7db0
1322,ATATCAACCTGAAACAAAGTTATGCA,Circ_LF2,#5d7db0
1323,TCGCCAAACGATAACTTTATTTCTCA,Circ_LF2,#5d7db0
1324,CATGAAATAAGCAACTGGGTTTGTAA,Circ_LF2,#5d7db0
1325,AAACTAATGATGAAAGTATTTTGGTA,Circ_LF2,#5d7db0
1326,CCTGAAATAGGAAAGGGAGTTGCAGA,Circ_LF2,#5d7db0
1327,CTAAGAACTACTAATTCCTTTCATAC,Circ_LF2,#5d7db0
1328,TTATGAACCAAGAATGAATTTGGTTG,Circ_LF2,#5d7db0
1329,CACATAAGCACTAACCCAGTTGATAA,Circ_LF2,#5d7db0
1330,ATAGTAATTCAGAATTAAATTGACTA,Circ_LF2,#5d7db0
1331,CCCGAAACAGACAATTCTTTTGTGTT,Circ_N,#bdba0f
1332,CCGATAATTGTTAACGCACTTTTTT,Circ_N,#bdba0f
1333,TCTCTAATCAAAAATCCTGTTCGTAG,Circ_N,#bdba0f
1334,AAATCAAGTTGTAATCCTCTTCTATA,Circ_N,#bdba0f
1335,GAACAAATGATCAATATGTTTTCGAT,Circ_N,#bdba0f
1336,CAGGGAACAAGCAAGGCTCTTGAAAG,Circ_N,#bdba0f
1337,TGAAAAAAAACGAACGCGTTTTGGA,Circ_N,#bdba0f
1338,AAATTAACAACAAAGACTATTTGGCT,Circ_N,#bdba0f
1339,AACACAATCGTAAACGGCATTACATT,Circ_N,#bdba0f
1340,TAAGAAACGTCCAATGGCCTTTCCCG,Circ_N,#bdba0f
1341,TCACAAACATTTAATCAATTTCTAAA,Circ_NF,#918f41
1342,AACACAAAGCGTAAGGTAATTGAATG,Circ_NF,#918f41
1343,CGTCTAATGAATAATCATGTTGGTTC,Circ_NF,#918f41
1344,CTAATAATCGGGAACGCGCTTTATAG,Circ_NF,#918f41
1345,GCTTAAAACTAGAAGGACTTTTGCAC,Circ_NF,#918f41
1346,ACGGAAACCCCTAAGAGAGTTTCCAT,Circ_NF,#918f41
1347,AATCAAAAATTAAAGCCTCTTGACGT,Circ_NF,#918f41
1348,GGATGAAACCGAAATAACGTTGGTTT,Circ_NF,#918f41
1349,TGCGTAATCTGTAATGTAATTTTATT,Circ_NF,#918f41
1350,ACTCTAAATCTAAAGTTTGTTTGGGC,Circ_NF,#918f41
1351,CTTCAAATGTTCAAGCAAATTGGTCA,SEvo_G,#780ca6
1352,GCTCAAAACGCGAATACTCTTGTAAA,SEvo_G,#780ca6
1353,TAGTCAATGCGTAACGCCTTTATACG,SEvo_G,#780ca6
1354,CGCATAATCTCGAATAAGTTTGGTGT,SEvo_G,#780ca6
1355,CATCTAAAGCCTAAACTCATTCAGTA,SEvo_G,#780ca6
1356,GTTCGAACCATTAAAGAACTTATATG,SEvo_G,#780ca6
1357,TCAAAAAAGTGTAAACCTCTTTTGTC,SEvo_G,#780ca6
1358,GAGTGAAATGACAAACGTATTGCTGT,SEvo_G,#780ca6
1359,TCTATAAATCACAAACACATTCGCTC,SEvo_G,#780ca6
1360,TCGCTAATTAGTAAATTGCTTGTACC,SEvo_G,#780ca6
1361,ATCAAAACGTTTAACATACTTGATCT,SEvo_GN,#918f41
1362,TTGAAAAAATGTAAGATTCTTTGTGT,SEvo_GN,#918f41
1363,AGTAGAATATTGAATTTTCTTACGCT,SEvo_GN,#918f41
1364,GATATAAGCCGTAACCTATTTTTGCC,SEvo_GN,#918f41
1365,TGGAGAACGCAGAAATACTTTTAAAG,SEvo_GN,#918f41
1366,TTGACAAGAAAAAATCTTGTTCGGCT,SEvo_GN,#918f41
1367,CAGAGAAGCATAAAGTCTGTTTTGCG,SEvo_GN,#918f41
1368,TTGATAACAGCGAAGGACTTTTACAT,SEvo_GN,#918f41
1369,TGACAAACTGTAAATGTAGTTAATGA,SEvo_GN,#918f41
1370,CGTTAAAAGAAAAACATCGTTCGAAA,SEvo_GN,#918f41
1371,CATCCAACATGGAATTGGGTTAAGAA,SEvo_Gal,#05ab58
1372,ATAAGAAAGTGAAACGCCTTTGGACG,SEvo_Gal,#05ab58
1373,CGGACAATGCATAACGCTGTTTAGGT,SEvo_Gal,#05ab58
1374,CGTTCAAAATGCAACCTAATTAACAG,SEvo_Gal,#05ab58
1375,GTCTAAAAAGGAAACAACTTTTTTTT,SEvo_Gal,#05ab58
1376,TTCGTAAATCACAAATGTATTATGAG,SEvo_Gal,#05ab58
1377,GAGATAAACTTGAAGTATGTTAAGGT,SEvo_Gal,#05ab58
1378,GCGACAATCTAAAACTTGTTTGGCAA,SEvo_Gal,#05ab58
1379,AATAGAAACAGGAAGTGATTTTGTAC,SEvo_Gal,#05ab58
1380,ATTATAACGCAAAAGGAGGTTTTGTT,SEvo_Gal,#05ab58
1381,ATCCTAAATGTTAATTAGGTTACAAG,SEvo_GalF,#539172
1382,CTGTGAAGAGGTAACCGGCTTAAGGG,SEvo_GalF,#539172
1383,TCAGTAAATGCAAAGCTTTTTCCTAC,SEvo_GalF,#539172
1384,ATTCAAACCGGCAATCTGCTTACTCT,SEvo_GalF,#539172
1385,ATAATAAATTAAAAGTTGTTTTTGAA,SEvo_GalF,#539172
1386,CTCAAAATAAGCAACTTGATTGTGAA,SEvo_GalF,#539172
1387,TCGGAAATCTAGAAGATAGTTACGTT,SEvo_GalF,#539172
1388,GCCAGAACGACCAACGTACTTAACGG,SEvo_GalF,#539172
1389,CATAAAACTCGGAAAGACATTGGGAG,SEvo_GalF,#539172
1390,TTGGCAAGAATGAACGTGGTTTTATA,SEvo_GalF,#539172
